ตำแหน่ง,กลุ่ม,ลำดับ,ชื่อวิชา/หัวข้อ,ประเภทที่ต้องตรวจ,สถานะลิงก์คลิปในชีต,สถานะเอกสาร,ลิงก์โพสต์/กลุ่มในชีต,ลงคลิป(คอลัมน์ชีต),มีคลิปในเครื่อง?,ระดับการจับคู่,คะแนน,คลิปที่น่าจะตรงที่สุด,path คลิป,คำที่เจอ,ปีในคลิป,หมายเหตุ,อัปเดตล่าสุด
กกต. การเงิน,กกตการเงินพัสดุ2569,1,ความรู้ในหลักวิชาทางการเมืองการปกครองในระบอบประชาธิปไตยอันมีพระมหากษัตริย์ทรงเป็นประมุข,ยังไม่ลงลิงก์,ยังไม่ลงลิงก์,ลงลิงก์แล้ว,https://www.facebook.com/groups/1482224800585446/,,มี,ตรงมาก,100,การปกครองระบอบประชาธิปไตย.mp4,D:\ตัดแล้ว\ความรู้ในหลักวิชาทางการเมืองการปกครองในระบอบประชาธิปไตยอันมีพระมหากษัตริย์ทรงเป็นประมุข\การปกครองระบอบประชาธิปไตย.mp4,ความรู้ในหลักวิชาทางการเมืองการปกครองในระบอบประชาธิปไตยอันมีพระมหากษัตริย์ทรงเป็นประมุข | หลักวิชาทางการเมืองการปกครอง | หลักวิชา | การเมืองการปกครอง | ระบอบประชาธิปไตย | ประชาธิปไตย | พระมหากษัตริย์ทรงเป็นประมุข | พระมหากษัตริย์ | ทรงเป็นประมุข | ประมุข,,,2026-06-03T09:52:52.656Z
กกต. การเงิน,กกตการเงินพัสดุ2569,1,ยุทธศาสตร์ วิสัยทัศน์ พันธกิจ โครงสร้าง อำนาจหน้าที่ และภารกิจ,ยังไม่ลงลิงก์,ยังไม่ลงลิงก์,,https://www.facebook.com/groups/1482224800585446/,,ไม่พบ,ไม่พบคลิปในดัชนี,,,,,,,2026-06-01T17:07:58.373Z
กกต. การเงิน,กกตการเงินพัสดุ2569,2,รัฐธรรมนูญแห่งราชอาณาจักรไทย พ.ศ. 2560,ยังไม่ลงลิงก์,ยังไม่ลงลิงก์,ลงลิงก์แล้ว,https://www.facebook.com/groups/1482224800585446/,ยังไม่ลงคลิป,ไม่พบ,ไม่พบคลิปในดัชนี,,,,,,มี 2 EP https://youtu.be/MpP4C9ighv8,2026-06-02T03:28:00.441Z
กกต. การเงิน,กกตการเงินพัสดุ2569,2.2.2,ระเบียบสำนักนายกรัฐมนตรีว่าด้วยหลักเกณฑ์การปฏิบัติเกี่ยวกับความรับผิดทางละเมิดของเจ้าหน้าที่ พ.ศ. 2539,ยังไม่ลงลิงก์,ยังไม่ลงลิงก์,,https://www.facebook.com/groups/1482224800585446/,ลงคลิปแล้ว,มี,ตรงมาก,100,ระเบียบสำนักนายกรัฐมนตรีว่า ความรับผิดทางละเมิดของเจ้าหน้าที่ พ.ศ. 2539 EP_2.mp4,D:\ตัดแล้ว\เมษา 69\23042026\ระเบียบสำนักนายกรัฐมนตรีว่า ความรับผิดทางละเมิดของเจ้าหน้าที่ พ.ศ. 2539 EP_2.mp4,2539 | ความรับผิดทางละเมิด | ละเมิด | เจ้าหน้าที่,2539,2 EP,
กกต. การเงิน,กกตการเงินพัสดุ2569,2.6,ระเบียบสารบรรณ+ระเบียบความลับ,ยังไม่ลงลิงก์,ยังไม่ลงลิงก์,ลงลิงก์แล้ว,https://www.facebook.com/groups/1482224800585446/,ลงคลิปแล้ว,มี,ตรงมาก,94,สารบรรณ ความลับ.mp4,D:\ตัดแล้ว\มกรา 69\16012026\สารบรรณ ความลับ.mp4,ระเบียบสารบรรณ | สารบรรณ | ระเบียบความลับ | ความลับ,,อ.นัท,
กกต. การเงิน,กกตการเงินพัสดุ2569,3,ความรู้เกี่ยวกับนโยบายแห่งรัฐ และยุทธศาสตร์ชาติ,ยังไม่ลงลิงก์,ยังไม่ลงลิงก์,,https://www.facebook.com/groups/1482224800585446/,,มี,มีคลิปใกล้เคียง ต้องตรวจ,44,07_นโยบายแห่งรัฐ_ยุทธศาสตร์ชาติ_ตัวเลือกหลัก_61-80.mp4,D:\ตัดแล้ว\เตรียมคลิปลง กตต\07 ยุทธศาสตร์ชาติ 20 ปี\07_นโยบายแห่งรัฐ_ยุทธศาสตร์ชาติ_ตัวเลือกหลัก_61-80.mp4,นโยบายแห่งรัฐ | ยุทธศาสตร์ชาติ | ยุทธศาสตร์ชาติ 20 ปี | ยุทธศาสตร์ชาติ20ปี,,,
กกต. การเงิน,กกตการเงินพัสดุ2569,5,กฎหมายว่าด้วยการได้มาซึ่งวุฒิสภา,ยังไม่ลงลิงก์,ยังไม่ลงลิงก์,,https://www.facebook.com/groups/1482224800585446/,,มี,มีคลิปใกล้เคียง ต้องตรวจ,47,การไต่สวนสาธารณะ.mp4,D:\ตัดแล้ว\ลงแล้ว\111128\สิทธิ\การไต่สวนสาธารณะ.mp4,สว | ส ว,,,
กกต. การเงิน,กกตการเงินพัสดุ2569,6,กฎหมายว่าด้วยพรรคการเมือง,ยังไม่ลงลิงก์,ยังไม่ลงลิงก์,,https://www.facebook.com/groups/1482224800585446/,,มี,น่าจะตรง,67,พรป พรรคการเมือง.mp4,D:\ตัดแล้ว\ลงแล้ว\211125\พรป พรรคการเมือง.mp4,กฎหมายว่าด้วยพรรคการเมือง | พรรคการเมือง,,,
กกต. การเงิน,กกตการเงินพัสดุ2569,7,กฎหมายว่าด้วยการเลือกตั้งสมาชิกสภาท้องถิ่นหรือผู้บริหารท้องถิ่น,ยังไม่ลงลิงก์,ยังไม่ลงลิงก์,,https://www.facebook.com/groups/1482224800585446/,,มี,มีคลิปใกล้เคียง ต้องตรวจ,36,พระราชบัญญัติประกอบรัฐธรรมนูญว่าด้วยการเลือกตั้งสมาชิกสภาผู้แทนราษฎร พ.ศ. 2561.mp4,D:\ตัดแล้ว\เตรียมคลิปลง กตต\พระราชบัญญัติประกอบรัฐธรรมนูญว่าด้วยการเลือกตั้งสมาชิกสภาผู้แทนราษฎร พ.ศ. 2561\พระราชบัญญัติประกอบรัฐธรรมนูญว่าด้วยการเลือกตั้งสมาชิกสภาผู้แทนราษฎร พ.ศ. 2561.mp4,เลือกตั้ง | สมาชิกสภาผู้แทนราษฎร,2561,,
กกต. การเงิน,กกตการเงินพัสดุ2569,8,กฎหมายว่าด้วยการออกเสียงประชามติ,ยังไม่ลงลิงก์,ยังไม่ลงลิงก์,,https://www.facebook.com/groups/1482224800585446/,,ไม่พบ,ไม่พบคลิปในดัชนี,,,,,,,
กกต. การเงิน,กกตการเงินพัสดุ2569,9,ความรู้เกี่ยวกับระบบการเงิน บัญชี และงบประมาณ,ยังไม่ลงลิงก์,ยังไม่ลงลิงก์,,https://www.facebook.com/groups/1482224800585446/,,มี,มีคลิปใกล้เคียง ต้องตรวจ,45,การบริหารงบประมาณ เฉพาะนักจัด ปิดคอร์ส.mp4,D:\ตัดแล้ว\ลงแล้ว\การบริหารงบประมาณ เฉพาะนักจัด ปิดคอร์ส.mp4,งบประมาณ | งบ | บริหารงบประมาณ | การบริหารงบประมาณ,,,
กกต. พัสดุ,กกตการเงินพัสดุ2569,1,ความรู้ในหลักวิชาทางการเมืองการปกครองในระบอบประชาธิปไตยอันมีพระมหากษัตริย์ทรงเป็นประมุข,ยังไม่ลงลิงก์,ยังไม่ลงลิงก์,ลงลิงก์แล้ว,https://www.facebook.com/groups/1482224800585446/,,มี,ตรงมาก,100,การปกครองระบอบประชาธิปไตย.mp4,D:\ตัดแล้ว\ความรู้ในหลักวิชาทางการเมืองการปกครองในระบอบประชาธิปไตยอันมีพระมหากษัตริย์ทรงเป็นประมุข\การปกครองระบอบประชาธิปไตย.mp4,ความรู้ในหลักวิชาทางการเมืองการปกครองในระบอบประชาธิปไตยอันมีพระมหากษัตริย์ทรงเป็นประมุข | หลักวิชาทางการเมืองการปกครอง | หลักวิชา | การเมืองการปกครอง | ระบอบประชาธิปไตย | ประชาธิปไตย | พระมหากษัตริย์ทรงเป็นประมุข | พระมหากษัตริย์ | ทรงเป็นประมุข | ประมุข,,,
กกต. พัสดุ,กกตการเงินพัสดุ2569,1,ยุทธศาสตร์ วิสัยทัศน์ พันธกิจ โครงสร้าง อำนาจหน้าที่ และภารกิจ,ยังไม่ลงลิงก์,ยังไม่ลงลิงก์,,https://www.facebook.com/groups/1482224800585446/,ยังไม่ลงคลิป,ไม่พบ,ไม่พบคลิปในดัชนี,,,,,,อ.ลูกจันทร์ 2 EP https://www.youtube.com/watch?v=XAYXf2ETAGo,
กกต. พัสดุ,กกตการเงินพัสดุ2569,2.2.2,ระเบียบสำนักนายกรัฐมนตรีว่าด้วยหลักเกณฑ์การปฏิบัติเกี่ยวกับความรับผิดทางละเมิดของเจ้าหน้าที่ พ.ศ. 2539,ยังไม่ลงลิงก์,ยังไม่ลงลิงก์,,https://www.facebook.com/groups/1482224800585446/,ยังไม่ลงคลิป,มี,ตรงมาก,100,ระเบียบสำนักนายกรัฐมนตรีว่า ความรับผิดทางละเมิดของเจ้าหน้าที่ พ.ศ. 2539 EP_2.mp4,D:\ตัดแล้ว\เมษา 69\23042026\ระเบียบสำนักนายกรัฐมนตรีว่า ความรับผิดทางละเมิดของเจ้าหน้าที่ พ.ศ. 2539 EP_2.mp4,2539 | ความรับผิดทางละเมิด | ละเมิด | เจ้าหน้าที่,2539,2 EP,2026-06-03T09:53:35.618Z
กกต. พัสดุ,กกตการเงินพัสดุ2569,2.6,ระเบียบสารบรรณ+ระเบียบความลับ,ยังไม่ลงลิงก์,ยังไม่ลงลิงก์,ลงลิงก์แล้ว,https://www.facebook.com/groups/1482224800585446/,ยังไม่ลงคลิป,มี,ตรงมาก,94,สารบรรณ ความลับ.mp4,D:\ตัดแล้ว\มกรา 69\16012026\สารบรรณ ความลับ.mp4,ระเบียบสารบรรณ | สารบรรณ | ระเบียบความลับ | ความลับ,,อ.นัท,
กกต. พัสดุ,กกตการเงินพัสดุ2569,3,ความรู้เกี่ยวกับนโยบายแห่งรัฐ และยุทธศาสตร์ชาติ,ยังไม่ลงลิงก์,ยังไม่ลงลิงก์,,https://www.facebook.com/groups/1482224800585446/,ยังไม่ลงคลิป,มี,มีคลิปใกล้เคียง ต้องตรวจ,44,07_นโยบายแห่งรัฐ_ยุทธศาสตร์ชาติ_ตัวเลือกหลัก_61-80.mp4,D:\ตัดแล้ว\เตรียมคลิปลง กตต\07 ยุทธศาสตร์ชาติ 20 ปี\07_นโยบายแห่งรัฐ_ยุทธศาสตร์ชาติ_ตัวเลือกหลัก_61-80.mp4,นโยบายแห่งรัฐ | ยุทธศาสตร์ชาติ | ยุทธศาสตร์ชาติ 20 ปี | ยุทธศาสตร์ชาติ20ปี,,https://www.youtube.com/watch?v=hPm4CmQobeQ,
กกต. พัสดุ,กกตการเงินพัสดุ2569,5,กฎหมายว่าด้วยการได้มาซึ่งวุฒิสภา,ยังไม่ลงลิงก์,ยังไม่ลงลิงก์,,https://www.facebook.com/groups/1482224800585446/,,มี,มีคลิปใกล้เคียง ต้องตรวจ,47,การไต่สวนสาธารณะ.mp4,D:\ตัดแล้ว\ลงแล้ว\111128\สิทธิ\การไต่สวนสาธารณะ.mp4,สว | ส ว,,,
กกต. พัสดุ,กกตการเงินพัสดุ2569,6,กฎหมายว่าด้วยพรรคการเมือง,ยังไม่ลงลิงก์,ยังไม่ลงลิงก์,,https://www.facebook.com/groups/1482224800585446/,,มี,น่าจะตรง,67,พรป พรรคการเมือง.mp4,D:\ตัดแล้ว\ลงแล้ว\211125\พรป พรรคการเมือง.mp4,กฎหมายว่าด้วยพรรคการเมือง | พรรคการเมือง,,,
กกต. พัสดุ,กกตการเงินพัสดุ2569,7,กฎหมายว่าด้วยการเลือกตั้งสมาชิกสภาท้องถิ่นหรือผู้บริหารท้องถิ่น,ยังไม่ลงลิงก์,ยังไม่ลงลิงก์,,https://www.facebook.com/groups/1482224800585446/,,มี,มีคลิปใกล้เคียง ต้องตรวจ,36,พระราชบัญญัติประกอบรัฐธรรมนูญว่าด้วยการเลือกตั้งสมาชิกสภาผู้แทนราษฎร พ.ศ. 2561.mp4,D:\ตัดแล้ว\เตรียมคลิปลง กตต\พระราชบัญญัติประกอบรัฐธรรมนูญว่าด้วยการเลือกตั้งสมาชิกสภาผู้แทนราษฎร พ.ศ. 2561\พระราชบัญญัติประกอบรัฐธรรมนูญว่าด้วยการเลือกตั้งสมาชิกสภาผู้แทนราษฎร พ.ศ. 2561.mp4,เลือกตั้ง | สมาชิกสภาผู้แทนราษฎร,2561,,
กกต. พัสดุ,กกตการเงินพัสดุ2569,8,กฎหมายว่าด้วยการออกเสียงประชามติ,ยังไม่ลงลิงก์,ยังไม่ลงลิงก์,,https://www.facebook.com/groups/1482224800585446/,,ไม่พบ,ไม่พบคลิปในดัชนี,,,,,,,
กทม. เจ้าพนักงานธุรการ,กทม. เจ้าพนักงานธุรการ,1,ความรู้เกี่ยวกับแนวทางปฏิบัติงานธุรการงานสารบรรณ งานพัสดุ การบริหารงานบุคคล,ยังไม่ลงลิงก์,ยังไม่ลงลิงก์,,https://www.facebook.com/groups/1600436281247690/announcements?locale=th_TH,,มี,น่าจะตรง,57,07 - ระเบียบสำนักนายกรัฐมนตรีว่าด้วยงานสารบรรณ พ.ศ. 2526 และที่แก้ไขเพิ่มเติม.mp4,D:\ตัดแล้ว\เตรียมคลิป สป อว\07 - ระเบียบสำนักนายกรัฐมนตรีว่าด้วยงานสารบรรณ พ.ศ. 2526 และที่แก้ไขเพิ่มเติม.mp4,สารบรรณ | งานสารบรรณ | 2526,2526,,2026-06-04T08:44:19.044Z
กทม. เจ้าพนักงานธุรการ,กทม. เจ้าพนักงานธุรการ,2,พระราชบัญญัติ การจัดซื้อจัดจ้างและการบริหารพัสดุภาครัฐ พ.ศ. 2560,ยังไม่ลงลิงก์,ยังไม่ลงลิงก์,ลงลิงก์แล้ว,https://www.facebook.com/groups/1600436281247690/announcements?locale=th_TH,ลงคลิปแล้ว,มี,ตรงมาก,100,ระเบียบกระทรวงการคลัง ว่าด้วยการจัดซื้อจัดจ้างและการบริหารพัสดุภาครัฐ พ.ศ. 2560 EP4.mp4,D:\ตัดแล้ว\การเงิน\10 จัดซื้อจัดจ้าง\02 ระเบียบ จัดซื้อ\ระเบียบกระทรวงการคลัง ว่าด้วยการจัดซื้อจัดจ้างและการบริหารพัสดุภาครัฐ พ.ศ. 2560 EP4.mp4,การจัดซื้อจัดจ้างและการบริหารพัสดุภาครัฐ | 2560,2560,,2026-06-12T03:55:22.507Z
กทม. นักวิชาการคลัง,กทม. นักวิชาการเงินและบัญชี / นักวิชาการคลัง,1,ความรู้เบื้องตันเกี่ยวกับเศรษฐกิจ การเงินการคลัง และงบประมาณ,ยังไม่ลงลิงก์,ยังไม่ลงลิงก์,,https://www.facebook.com/groups/955243797251736/posts/955279973914785/,,มี,มีคลิปใกล้เคียง ต้องตรวจ,43,การบริหารงบประมาณ เฉพาะนักจัด ปิดคอร์ส.mp4,D:\ตัดแล้ว\ลงแล้ว\การบริหารงบประมาณ เฉพาะนักจัด ปิดคอร์ส.mp4,งบประมาณ | งบ | บริหารงบประมาณ | การบริหารงบประมาณ,,,
กทม. นักวิชาการคลัง,กทม. นักวิชาการเงินและบัญชี / นักวิชาการคลัง,4,พระราชบัญญัติ การร่วมลงทุนระหว่างรัฐและเอกชน พ.ศ. 2562,ยังไม่ลงลิงก์,ยังไม่ลงลิงก์,,https://www.facebook.com/groups/955243797251736/posts/955279973914785/,,ไม่พบ,ไม่พบคลิปในดัชนี,,,,,,,
กทม. นักวิชาการคลัง,กทม. นักวิชาการเงินและบัญชี / นักวิชาการคลัง,5,กฎกระทรวงออกตามความในพระราชบัญญัติ การจัดซื้อจัดจ้างและการบริหารพัสดุภาครัฐ พ.ศ. 2560,ยังไม่ลงลิงก์,ยังไม่ลงลิงก์,ยังไม่ลงลิงก์,https://www.facebook.com/groups/955243797251736/posts/955279973914785/,,มี,ตรงมาก,92,ระเบียบกระทรวงการคลัง ว่าด้วยการจัดซื้อจัดจ้างและการบริหารพัสดุภาครัฐ พ.ศ. 2560 EP4.mp4,D:\ตัดแล้ว\การเงิน\10 จัดซื้อจัดจ้าง\02 ระเบียบ จัดซื้อ\ระเบียบกระทรวงการคลัง ว่าด้วยการจัดซื้อจัดจ้างและการบริหารพัสดุภาครัฐ พ.ศ. 2560 EP4.mp4,การจัดซื้อจัดจ้างและการบริหารพัสดุภาครัฐ | 2560,2560,,
กทม. นักวิชาการคลัง,กทม. นักวิชาการเงินและบัญชี / นักวิชาการคลัง,7,ระเบียบคณะกรรมการนโยบายและกำกับการบริหารหนี้สาธารณะว่าด้วยหลักเกณฑ์การกู้เงินขององค์กรปกครองส่วนท้องถิ่น พ.ศ. 2568,ยังไม่ลงลิงก์,ยังไม่ลงลิงก์,,https://www.facebook.com/groups/955243797251736/posts/955279973914785/,,ไม่พบ,ไม่พบคลิปในดัชนี,,,,,,,
กทม. นักวิชาการคลัง,กทม. นักวิชาการเงินและบัญชี / นักวิชาการคลัง,8,ข้อบัญญัติกรุงเทพมหานคร เรื่อง วิธีการบประมาณ พ.ศ. 2563,ยังไม่ลงลิงก์,ยังไม่ลงลิงก์,,https://www.facebook.com/groups/955243797251736/posts/955279973914785/,,ไม่พบ,ไม่พบคลิปในดัชนี,,,,,,,
กทม. นักวิชาการคลัง,กทม. นักวิชาการเงินและบัญชี / นักวิชาการคลัง,9,ข้อบัญญัติกรุงเทพมหานคร เรื่อง การทรัพย์สิน พ.ศ. 2538 และที่แก้ไขเพิ่มเติม,ยังไม่ลงลิงก์,ยังไม่ลงลิงก์,,https://www.facebook.com/groups/955243797251736/posts/955279973914785/,,ไม่พบ,ไม่พบคลิปในดัชนี,,,,,,,
กทม. นักวิชาการคลัง,กทม. นักวิชาการเงินและบัญชี / นักวิชาการคลัง,10,ระเบียบกรุงเทพมหานครว่าด้วยการรับเงิน การเบิกจ่ายเงิน การเก็บรักษาเงิน การนำส่งเงินและการตรวจเงิน พ.ศ. 2555 และที่แก้ไขเพิ่มเติม,ยังไม่ลงลิงก์,ยังไม่ลงลิงก์,,https://www.facebook.com/groups/955243797251736/posts/955279973914785/,,ไม่พบ,ไม่พบคลิปในดัชนี,,,,,,,
กทม. นักวิชาการคลัง,กทม. นักวิชาการเงินและบัญชี / นักวิชาการคลัง,11,ระเบียบกรุงเทพมหานครว่าด้วยวิธีปฏิบัติเกี่ยวกับงบประมาณ พ.ศ. 2568,ยังไม่ลงลิงก์,ยังไม่ลงลิงก์,,https://www.facebook.com/groups/955243797251736/posts/955279973914785/,,มี,มีคลิปใกล้เคียง ต้องตรวจ,43,การบริหารงบประมาณ เฉพาะนักจัด ปิดคอร์ส.mp4,D:\ตัดแล้ว\ลงแล้ว\การบริหารงบประมาณ เฉพาะนักจัด ปิดคอร์ส.mp4,งบประมาณ | งบ | บริหารงบประมาณ | การบริหารงบประมาณ,,,
กทม. นักวิชาการเงินและบัญชี,กทม. นักวิชาการเงินและบัญชี / นักวิชาการคลัง,1.1,ด้านการเงิน การเบิกเงิน การจ่ายเงิน การรับเงิน การนำส่งเงิน การเก็บรักษาเงิน การตรวจและอนุมัติฎีกา,ยังไม่ลงลิงก์,ยังไม่ลงลิงก์,,https://www.facebook.com/groups/955243797251736/posts/956340890475360/,,ไม่พบ,ไม่พบคลิปในดัชนี,,,,,,,
กทม. นักวิชาการเงินและบัญชี,กทม. นักวิชาการเงินและบัญชี / นักวิชาการคลัง,1.2,ด้านการบัญชี การจัดทำงบการเงิน งบพิสูจน์ยอดเงินฝากธนาคาร หลักการบัญชีคู่ตรวจสอบบัญชีการเงินเบื้องต้น,ยังไม่ลงลิงก์,ยังไม่ลงลิงก์,,https://www.facebook.com/groups/955243797251736/posts/956340890475360/,,มี,มีคลิปใกล้เคียง ต้องตรวจ,42,การบริหารงบประมาณ เฉพาะนักจัด ปิดคอร์ส.mp4,D:\ตัดแล้ว\ลงแล้ว\การบริหารงบประมาณ เฉพาะนักจัด ปิดคอร์ส.mp4,งบประมาณ | งบ | บริหารงบประมาณ | การบริหารงบประมาณ,,,
กทม. นักวิชาการเงินและบัญชี,กทม. นักวิชาการเงินและบัญชี / นักวิชาการคลัง,1.4,ด้านการจัดหาพัสดุ และการบริหารพัสดุ,ยังไม่ลงลิงก์,ยังไม่ลงลิงก์,,https://www.facebook.com/groups/955243797251736/posts/956340890475360/,,มี,น่าจะตรง,57,ระเบียบกระทรวงการคลัง ว่าด้วยการจัดซื้อจัดจ้างและการบริหารพัสดุภาครัฐ พ.ศ. 2560 EP4.mp4,D:\ตัดแล้ว\การเงิน\10 จัดซื้อจัดจ้าง\02 ระเบียบ จัดซื้อ\ระเบียบกระทรวงการคลัง ว่าด้วยการจัดซื้อจัดจ้างและการบริหารพัสดุภาครัฐ พ.ศ. 2560 EP4.mp4,และการบริหารพัสดุ,2560,,
กทม. นักวิชาการเงินและบัญชี,กทม. นักวิชาการเงินและบัญชี / นักวิชาการคลัง,2.3,ข้อบัญญัติกรุงเทพมหานคร เรื่อง วิธีการงบประมาณ พ.ศ. 2563,ยังไม่ลงลิงก์,ยังไม่ลงลิงก์,,https://www.facebook.com/groups/955243797251736/posts/956340890475360/,,มี,มีคลิปใกล้เคียง ต้องตรวจ,42,การบริหารงบประมาณ เฉพาะนักจัด ปิดคอร์ส.mp4,D:\ตัดแล้ว\ลงแล้ว\การบริหารงบประมาณ เฉพาะนักจัด ปิดคอร์ส.mp4,งบประมาณ | งบ | บริหารงบประมาณ | การบริหารงบประมาณ,,,
กทม. นักวิชาการเงินและบัญชี,กทม. นักวิชาการเงินและบัญชี / นักวิชาการคลัง,2.4,ระเบียบกรุงเทพมหานครว่าด้วยการกำหนดประเภทรายรับ - รายจ่าย และการปฏิบัติเกี่ยวกับงบประมาณ พ.ศ. 2533 และที่แก้ไขเพิ่มเติม,ยังไม่ลงลิงก์,ยังไม่ลงลิงก์,,https://www.facebook.com/groups/955243797251736/posts/956340890475360/,,มี,มีคลิปใกล้เคียง ต้องตรวจ,41,การบริหารงบประมาณ เฉพาะนักจัด ปิดคอร์ส.mp4,D:\ตัดแล้ว\ลงแล้ว\การบริหารงบประมาณ เฉพาะนักจัด ปิดคอร์ส.mp4,งบประมาณ | งบ | บริหารงบประมาณ | การบริหารงบประมาณ,,,
กทม. นักวิชาการศึกษา,กทม. นักวิชาการศึกษา,1,พระราชบัญญัติ การศึกษาแห่งชาติ พ.ศ. 2542 และที่แก้ไขเพิ่มเติม,ยังไม่ลงลิงก์,ยังไม่ลงลิงก์,,https://www.facebook.com/groups/1922952399108991/announcements?locale=th_TH,,ไม่พบ,ไม่พบคลิปในดัชนี,,,,,,,
กทม. นักวิชาการศึกษา,กทม. นักวิชาการศึกษา,2,พระราชบัญญัติ พื้นที่นวัตกรรมการศึกษา พ.ศ. 2562,ยังไม่ลงลิงก์,ยังไม่ลงลิงก์,,https://www.facebook.com/groups/1922952399108991/announcements?locale=th_TH,,ไม่พบ,ไม่พบคลิปในดัชนี,,,,,,,
กทม. นักวิชาการศึกษา,กทม. นักวิชาการศึกษา,3,พระราชบัญญัติ การบริหารงานและการให้บริการภาครัฐผ่านระบบดิจิทัล พ.ศ. 2562,ยังไม่ลงลิงก์,ยังไม่ลงลิงก์,,https://www.facebook.com/groups/1922952399108991/announcements?locale=th_TH,,ไม่พบ,ไม่พบคลิปในดัชนี,,,,,,,
กทม. นักวิชาการศึกษา,กทม. นักวิชาการศึกษา,6,พระราชบัญญัติ การศึกษาภาคบังคับ พ.ศ. 2545,ยังไม่ลงลิงก์,ยังไม่ลงลิงก์,,https://www.facebook.com/groups/1922952399108991/announcements?locale=th_TH,,ไม่พบ,ไม่พบคลิปในดัชนี,,,,,,,
กทม. นักวิชาการศึกษา,กทม. นักวิชาการศึกษา,7,พระราชบัญญัติ การพัฒนาเด็กปฐมวัย พ.ศ. 2562,ยังไม่ลงลิงก์,ยังไม่ลงลิงก์,,https://www.facebook.com/groups/1922952399108991/announcements?locale=th_TH,,ไม่พบ,ไม่พบคลิปในดัชนี,,,,,,,
กทม. นักวิชาการศึกษา,กทม. นักวิชาการศึกษา,8,แผนการศึกษาแห่งชาติ พ.ศ. 2560 - 2579 และนโยบายด้านการศึกษาของชาติและกรุงเทพมหานคร,ยังไม่ลงลิงก์,ยังไม่ลงลิงก์,,https://www.facebook.com/groups/1922952399108991/announcements?locale=th_TH,,ไม่พบ,ไม่พบคลิปในดัชนี,,,,,,,
กทม. นักวิชาการศึกษา,กทม. นักวิชาการศึกษา,9,หลักสูตรแกนกลางการศึกษาขั้นพื้นฐาน พุทธศักราช 2551 และฉบับปรับปรุง,ยังไม่ลงลิงก์,ยังไม่ลงลิงก์,,https://www.facebook.com/groups/1922952399108991/announcements?locale=th_TH,,ไม่พบ,ไม่พบคลิปในดัชนี,,,,,,,
กทม. นักวิชาการศึกษา,กทม. นักวิชาการศึกษา,10,การประกันคุณภาพการศึกษา,ยังไม่ลงลิงก์,ยังไม่ลงลิงก์,,https://www.facebook.com/groups/1922952399108991/announcements?locale=th_TH,,ไม่พบ,ไม่พบคลิปในดัชนี,,,,,,,
กทม. นักวิชาการศึกษา,กทม. นักวิชาการศึกษา,11,การจัดทำแผนงาน โครงการ กิจกรรม เพื่อส่งเสริมสนับสนุนการจัดการศึกษา,ยังไม่ลงลิงก์,ยังไม่ลงลิงก์,,https://www.facebook.com/groups/1922952399108991/announcements?locale=th_TH,,มี,มีคลิปใกล้เคียง ต้องตรวจ,32,08_นักวิเคราะห์อัยการ_อาจเกี่ยว.mp4,D:\ตัดแล้ว\เตรียมคลิป สป อว\08 วิเคราะห์นโยบาย แผนงาน โครงการ การบริหาร\08_นักวิเคราะห์อัยการ_อาจเกี่ยว.mp4,โครงการ,,,
กทม. นักวิชาการศึกษา,กทม. นักวิชาการศึกษา,12,แนวโน้มเกี่ยวกับการศึกษายุคใหม่ สภาพแวดล้อม สถานการณ์ปัจจุบันทางการเมือง เศรษฐกิจ และสังคม,ยังไม่ลงลิงก์,ยังไม่ลงลิงก์,,https://www.facebook.com/groups/1922952399108991/announcements?locale=th_TH,,มี,มีคลิปใกล้เคียง ต้องตรวจ,27,ความรู้สถานการณ์ สังคม เศรษฐกิจ การเมืองการปกครอง.mp4,D:\ตัดแล้ว\มีนาคม 69\04032026\ความรู้สถานการณ์ สังคม เศรษฐกิจ การเมืองการปกครอง.mp4,เศรษฐกิจ,,,
กทม. นิติกร,กทม. นิติกร,4,ประมวลกฎหมายวิธีพิจารณาความอาญา,ยังไม่ลงลิงก์,ยังไม่ลงลิงก์,ยังไม่ลงลิงก์,https://www.facebook.com/groups/1324351586173686/announcements?locale=th_TH,,ไม่พบ,ไม่พบคลิปในดัชนี,,,,,,,
กทม. พนักงานเทศกิจปฏิบัติงาน,กทม. พนักงานเทศกิจปฏิบัติงาน,1,ความรู้เกี่ยวกับสิทธิและเสรีภาพของประชาชนตามกฎหมายรัฐธรรมนูญ,ยังไม่ลงลิงก์,ยังไม่ลงลิงก์,ยังไม่ลงลิงก์,https://www.facebook.com/groups/1663666134840541/announcements?locale=th_TH,,ไม่พบ,ไม่พบคลิปในดัชนี,,,,,,,
กทม. พนักงานเทศกิจปฏิบัติงาน,กทม. พนักงานเทศกิจปฏิบัติงาน,2,บทบาทและอำนาจของเจ้าหน้าที่เทศกิจในเรื่องการจับ การปรับ การดำเนินคดี การยึดอายัดเอกสารหลักฐาน ยานพาหนะ หรือสิ่งใด ๆ ที่เกี่ยวข้องกับการกระทำผิด ตามประมวลกฎหมายอาญา ประมวลกฎหมายวิธีพิจารณาความอาญา ความเข้าใจในกฎหมายปกครองเพื่อป้องกันการถูกดำเนินคดีทางปกครอง การดำเนินการทางปกครอง,ยังไม่ลงลิงก์,ยังไม่ลงลิงก์,ยังไม่ลงลิงก์,https://www.facebook.com/groups/1663666134840541/announcements?locale=th_TH,,ไม่พบ,ไม่พบคลิปในดัชนี,,,,,,,
กทม. พนักงานเทศกิจปฏิบัติงาน,กทม. พนักงานเทศกิจปฏิบัติงาน,3,พระราชบัญญัติรักษาความสะอาดและความเป็นระเบียบเรียบร้อยของบ้านเมือง พ.ศ. 2535 และที่แก้ไขเพิ่มเติม,ยังไม่ลงลิงก์,ยังไม่ลงลิงก์,ยังไม่ลงลิงก์,https://www.facebook.com/groups/1663666134840541/announcements?locale=th_TH,,ไม่พบ,ไม่พบคลิปในดัชนี,,,,,,,
กทม. พนักงานเทศกิจปฏิบัติงาน,กทม. พนักงานเทศกิจปฏิบัติงาน,4,พระราชบัญญัติการสาธารณสุข พ.ศ. 2535 และที่แก้ไขเพิ่มเติม,ยังไม่ลงลิงก์,ยังไม่ลงลิงก์,ยังไม่ลงลิงก์,https://www.facebook.com/groups/1663666134840541/announcements?locale=th_TH,,ไม่พบ,ไม่พบคลิปในดัชนี,,,,,,,
กทม. พนักงานเทศกิจปฏิบัติงาน,กทม. พนักงานเทศกิจปฏิบัติงาน,5,พระราชบัญญัติควบคุมอาคาร พ.ศ. 2522 และที่แก้ไขเพิ่มเติม ในส่วนของการบังคับที่อยู่ในอำนาจหน้าที่ของกรุงเทพมหานคร,ยังไม่ลงลิงก์,ยังไม่ลงลิงก์,ยังไม่ลงลิงก์,https://www.facebook.com/groups/1663666134840541/announcements?locale=th_TH,,ไม่พบ,ไม่พบคลิปในดัชนี,,,,,,,
กทม. พนักงานเทศกิจปฏิบัติงาน,กทม. พนักงานเทศกิจปฏิบัติงาน,6,พระราชบัญญัติการขุดดินและถมดิน พ.ศ. 2553 และข้อบัญญัติกรุงเทพมหานคร เรื่อง ควบคุมการขุดดิน การถมดิน พ.ศ. 2534,ยังไม่ลงลิงก์,ยังไม่ลงลิงก์,ยังไม่ลงลิงก์,https://www.facebook.com/groups/1663666134840541/announcements?locale=th_TH,,ไม่พบ,ไม่พบคลิปในดัชนี,,,,,,,
กทม. พนักงานเทศกิจปฏิบัติงาน,กทม. พนักงานเทศกิจปฏิบัติงาน,8,พระราชบัญญัติระเบียบบริหารราชการกรุงเทพมหานคร พ.ศ. 2528 และที่แก้ไขเพิ่มเติม,ยังไม่ลงลิงก์,ยังไม่ลงลิงก์,ยังไม่ลงลิงก์,https://www.facebook.com/groups/1663666134840541/announcements?locale=th_TH,,ไม่พบ,ไม่พบคลิปในดัชนี,,,,,,,
กทม. พนักงานเทศกิจปฏิบัติงาน,กทม. พนักงานเทศกิจปฏิบัติงาน,9,พระราชบัญญัติระเบียบข้าราชการกรุงเทพมหานครและบุคลากรกรุงเทพมหานคร พ.ศ. 2554,ยังไม่ลงลิงก์,ยังไม่ลงลิงก์,ยังไม่ลงลิงก์,https://www.facebook.com/groups/1663666134840541/announcements?locale=th_TH,,ไม่พบ,ไม่พบคลิปในดัชนี,,,,,,,
กทม. พนักงานเทศกิจปฏิบัติงาน,กทม. พนักงานเทศกิจปฏิบัติงาน,12,พระราชบัญญัติคุ้มครองข้อมูลส่วนบุคคล พ.ศ. 2562,ยังไม่ลงลิงก์,ยังไม่ลงลิงก์,ลงลิงก์แล้ว,https://www.facebook.com/groups/1663666134840541/announcements?locale=th_TH,,มี,ตรงมาก,100,05_PDPA_ตัวเลือกสั้น_28042026.mp4,D:\ตัดแล้ว\เตรียมคลิป สป อว\05 พระราชบัญญัติ คุ้มครองข้อมูลส่วนบุคคล 2562 PDPA\05_PDPA_ตัวเลือกสั้น_28042026.mp4,พระราชบัญญัติคุ้มครองข้อมูลส่วนบุคคล | คุ้มครองข้อมูลส่วนบุคคล | 2562 | pdpa | ข้อมูลส่วนบุคคล,2562,,
กทม. พนักงานเทศกิจปฏิบัติงาน,กทม. พนักงานเทศกิจปฏิบัติงาน,13,ข้อบัญญัติกรุงเทพมหานคร เรื่อง การจำหน่ายสินค้าในที่หรือทางสาธารณะ พ.ศ. 2555,ยังไม่ลงลิงก์,ยังไม่ลงลิงก์,ยังไม่ลงลิงก์,https://www.facebook.com/groups/1663666134840541/announcements?locale=th_TH,,ไม่พบ,ไม่พบคลิปในดัชนี,,,,,,,
กทม. พนักงานเทศกิจปฏิบัติงาน,กทม. พนักงานเทศกิจปฏิบัติงาน,14,ระเบียบกรุงเทพมหานครว่าด้วยการดำเนินคดี พ.ศ. 2528,ยังไม่ลงลิงก์,ยังไม่ลงลิงก์,ยังไม่ลงลิงก์,https://www.facebook.com/groups/1663666134840541/announcements?locale=th_TH,,ไม่พบ,ไม่พบคลิปในดัชนี,,,,,,,
กทม. พนักงานเทศกิจปฏิบัติงาน,กทม. พนักงานเทศกิจปฏิบัติงาน,15,ประกาศกรุงเทพมหานคร เรื่อง หลักเกณฑ์ วิธีการ และเงื่อนไขการกำหนดพื้นที่ทำการค้า และการขายหรือจำหน่ายสินค้าบนถนนหรือสถานสาธารณะ ลงวันที่ 29 สิงหาคม พ.ศ. 2567,ยังไม่ลงลิงก์,ยังไม่ลงลิงก์,ยังไม่ลงลิงก์,https://www.facebook.com/groups/1663666134840541/announcements?locale=th_TH,,ไม่พบ,ไม่พบคลิปในดัชนี,,,,,,,
กรมการพัฒนาชุมชน เจ้าพนักงานธุรการปฏิบัติงาน,กรมการพัฒนาชุมชน เจ้าพนักงานธุรการปฏิบัติงาน,1,ความรู้ทั่วไปเกี่ยวกับกรมพัฒนาชุมชน ประวัติความเป็นมา ภารกิจ วิสัยทัศน์ และค่านิยมองค์กร,ยังไม่ลงลิงก์,ยังไม่ลงลิงก์,,https://www.facebook.com/groups/1242664327590257,,ไม่พบ,ไม่พบคลิปในดัชนี,,,,,,,
กรมการพัฒนาชุมชน เจ้าพนักงานธุรการปฏิบัติงาน,กรมการพัฒนาชุมชน เจ้าพนักงานธุรการปฏิบัติงาน,2,ความรู้เกี่ยวกับกฎหมายและระเบียบที่เกี่ยวข้องกับการปฏิบัติราชการทั่วไป,ยังไม่ลงลิงก์,ยังไม่ลงลิงก์,,https://www.facebook.com/groups/1242664327590257,,ไม่พบ,ไม่พบคลิปในดัชนี,,,,,,,
กรมการพัฒนาชุมชน เจ้าพนักงานธุรการปฏิบัติงาน,กรมการพัฒนาชุมชน เจ้าพนักงานธุรการปฏิบัติงาน,8,พระราชบัญญัติ การจัดซื้อจัดจ้างและการบริหารพัสดุภาครัฐ พ.ศ. 2560,ยังไม่ลงลิงก์,ยังไม่ลงลิงก์,ลงลิงก์แล้ว,https://www.facebook.com/groups/1242664327590257,,มี,ตรงมาก,100,ระเบียบกระทรวงการคลัง ว่าด้วยการจัดซื้อจัดจ้างและการบริหารพัสดุภาครัฐ พ.ศ. 2560 EP4.mp4,D:\ตัดแล้ว\การเงิน\10 จัดซื้อจัดจ้าง\02 ระเบียบ จัดซื้อ\ระเบียบกระทรวงการคลัง ว่าด้วยการจัดซื้อจัดจ้างและการบริหารพัสดุภาครัฐ พ.ศ. 2560 EP4.mp4,การจัดซื้อจัดจ้างและการบริหารพัสดุภาครัฐ | 2560,2560,,
กรมการพัฒนาชุมชน เจ้าพนักงานธุรการปฏิบัติงาน,กรมการพัฒนาชุมชน เจ้าพนักงานธุรการปฏิบัติงาน,12,ระเบียบสำนักนายกรัฐมนตรีว่าด้วยงานสารบรรณ พ.ศ. 2526 และที่แก้ไขเพิ่มเติม,ยังไม่ลงลิงก์,ยังไม่ลงลิงก์,ยังไม่ลงลิงก์,https://www.facebook.com/groups/1242664327590257,ลงคลิปแล้ว,มี,ตรงมาก,100,07 - ระเบียบสำนักนายกรัฐมนตรีว่าด้วยงานสารบรรณ พ.ศ. 2526 และที่แก้ไขเพิ่มเติม.mp4,D:\ตัดแล้ว\เตรียมคลิป สป อว\07 - ระเบียบสำนักนายกรัฐมนตรีว่าด้วยงานสารบรรณ พ.ศ. 2526 และที่แก้ไขเพิ่มเติม.mp4,ระเบียบสำนักนายกรัฐมนตรีว่าด้วยงานสารบรรณ | สำนักนายกรัฐมนตรีว่าด้วยงานสารบรรณ | 2526 | สารบรรณ | งานสารบรรณ,2526,,2026-06-04T08:47:19.981Z
กรมการพัฒนาชุมชน เจ้าพนักงานธุรการปฏิบัติงาน,กรมการพัฒนาชุมชน เจ้าพนักงานธุรการปฏิบัติงาน,13,ประมวลจริยธรรมข้าราชการพลเรือน พ.ศ. 2564,ยังไม่ลงลิงก์,ยังไม่ลงลิงก์,,https://www.facebook.com/groups/1242664327590257,,มี,มีคลิปใกล้เคียง ต้องตรวจ,51,พรบ.ขรกพลเรือน ครั้งที่ 1 ปภ.mp4,D:\ตัดแล้ว\เมษา 69\30042026\พรบ.ขรกพลเรือน ครั้งที่ 1 ปภ.mp4,พลเรือน | ก พ | กพ,,,
กรมการพัฒนาชุมชน เจ้าพนักงานธุรการปฏิบัติงาน,กรมการพัฒนาชุมชน เจ้าพนักงานธุรการปฏิบัติงาน,14,ข้อกำหนดจริยธรรมข้าราชการกรมพัฒนาชุมชน พ.ศ. 2564,ยังไม่ลงลิงก์,ยังไม่ลงลิงก์,,https://www.facebook.com/groups/1242664327590257,,ไม่พบ,ไม่พบคลิปในดัชนี,,,,,,,
กรมการพัฒนาชุมชน เจ้าพนักงานธุรการปฏิบัติงาน,กรมการพัฒนาชุมชน เจ้าพนักงานธุรการปฏิบัติงาน,15,ความรู้ทั่วไปเกี่ยวกับเศรษฐกิจ สังคม การเมือง และเหตุการณ์ปัจจุบัน,ยังไม่ลงลิงก์,ยังไม่ลงลิงก์,,https://www.facebook.com/groups/1242664327590257,,มี,น่าจะตรง,64,ความรู้สถานการณ์ สังคม เศรษฐกิจ การเมืองการปกครอง.mp4,D:\ตัดแล้ว\มีนาคม 69\04032026\ความรู้สถานการณ์ สังคม เศรษฐกิจ การเมืองการปกครอง.mp4,สังคม | การเมือง,,,
กรมการพัฒนาชุมชน เจ้าพนักงานธุรการปฏิบัติงาน,กรมการพัฒนาชุมชน เจ้าพนักงานธุรการปฏิบัติงาน,17,ความรู้เกี่ยวกับงานสารบรรณ,ยังไม่ลงลิงก์,ยังไม่ลงลิงก์,,https://www.facebook.com/groups/1242664327590257,,มี,ตรงมาก,89,07 - ระเบียบสำนักนายกรัฐมนตรีว่าด้วยงานสารบรรณ พ.ศ. 2526 และที่แก้ไขเพิ่มเติม.mp4,D:\ตัดแล้ว\เตรียมคลิป สป อว\07 - ระเบียบสำนักนายกรัฐมนตรีว่าด้วยงานสารบรรณ พ.ศ. 2526 และที่แก้ไขเพิ่มเติม.mp4,งานสารบรรณ | สารบรรณ | 2526,2526,,
กรมการพัฒนาชุมชน เจ้าพนักงานธุรการปฏิบัติงาน,กรมการพัฒนาชุมชน เจ้าพนักงานธุรการปฏิบัติงาน,18,ความรู้เกี่ยวกับการจัดการสำนักงาน ความรู้เบื้องต้นของงานสำนักงาน การวิเคราะห์และพัฒนาระบบงานในสำนักงาน การจัดองค์การและโครงสร้างในสำนักงาน การบริหารทรัพยากรมนุษย์ในสำนักงาน การบริหารงานเอกสารและการจัดการงาน งานพัสดุและระเบียบวิธีปฏิบัติของงานสำนักงาน การจัดการเครื่องมืออุปกรณ์และเทคโนโลยีในรูปแบบสำนักงานอัตโนมัติ,ยังไม่ลงลิงก์,ยังไม่ลงลิงก์,,https://www.facebook.com/groups/1242664327590257,,ไม่พบ,ไม่พบคลิปในดัชนี,,,,,,,
กรมการพัฒนาชุมชน / พัฒนากร,กรมการพัฒนาชุมชน / พัฒนากร,2,ความรู้ทั่วไปเกี่ยวกับกรมการพัฒนาชุมชน ประวัติความเป็นมา ภารกิจ วิสัยทัศน์ ค่านิยมองค์กร,ยังไม่ลงลิงก์,ยังไม่ลงลิงก์,,https://www.facebook.com/groups/1242664327590257/announcements?locale=th_TH,,ไม่พบ,ไม่พบคลิปในดัชนี,,,,,,,
กรมการพัฒนาชุมชน / พัฒนากร,กรมการพัฒนาชุมชน / พัฒนากร,7,พระราชบัญญัติ การจัดซื้อจัดจ้างและการบริหารพัสดุภาครัฐ พ.ศ. 2560,ยังไม่ลงลิงก์,ยังไม่ลงลิงก์,ลงลิงก์แล้ว,https://www.facebook.com/groups/1242664327590257/announcements?locale=th_TH,,มี,ตรงมาก,100,ระเบียบกระทรวงการคลัง ว่าด้วยการจัดซื้อจัดจ้างและการบริหารพัสดุภาครัฐ พ.ศ. 2560 EP4.mp4,D:\ตัดแล้ว\การเงิน\10 จัดซื้อจัดจ้าง\02 ระเบียบ จัดซื้อ\ระเบียบกระทรวงการคลัง ว่าด้วยการจัดซื้อจัดจ้างและการบริหารพัสดุภาครัฐ พ.ศ. 2560 EP4.mp4,การจัดซื้อจัดจ้างและการบริหารพัสดุภาครัฐ | 2560,2560,,
กรมการพัฒนาชุมชน / พัฒนากร,กรมการพัฒนาชุมชน / พัฒนากร,13,ประมวลจริยธรรมข้าราชการพลเรือน (พ.ศ. 2564) และข้อกำหนดจริยธรรมข้าราชการกรมการพัฒนาชุมชน,ยังไม่ลงลิงก์,ยังไม่ลงลิงก์,,https://www.facebook.com/groups/1242664327590257/announcements?locale=th_TH,,มี,มีคลิปใกล้เคียง ต้องตรวจ,48,พรบ.ขรกพลเรือน ครั้งที่ 1 ปภ.mp4,D:\ตัดแล้ว\เมษา 69\30042026\พรบ.ขรกพลเรือน ครั้งที่ 1 ปภ.mp4,พลเรือน | ก พ | กพ,,,
กรมการพัฒนาชุมชน / พัฒนากร,กรมการพัฒนาชุมชน / พัฒนากร,14,"ระเบียบที่เกี่ยวข้องกับการปฏิบัติงานในตำแหน่งนักวิชาการพัฒนาชุมชน (เช่น ระเบียบกระทรวงมหาดไทยว่าด้วยการอาสาพัฒนาชุมชน, ระเบียบกระทรวงมหาดไทยว่าด้วยคณะกรรมการพัฒนาสตรี ฯลฯ)",ยังไม่ลงลิงก์,ยังไม่ลงลิงก์,,https://www.facebook.com/groups/1242664327590257/announcements?locale=th_TH,,ไม่พบ,ไม่พบคลิปในดัชนี,,,,,,,
กรมการพัฒนาชุมชน / พัฒนากร,กรมการพัฒนาชุมชน / พัฒนากร,15,ยุทธศาสตร์ชาติ (พ.ศ. 2561 - 2580) และคำแถลงนโยบายของคณะรัฐมนตรี (รัฐบาลปัจจุบัน),ยังไม่ลงลิงก์,ยังไม่ลงลิงก์,,https://www.facebook.com/groups/1242664327590257/announcements?locale=th_TH,,มี,มีคลิปใกล้เคียง ต้องตรวจ,42,07_นโยบายแห่งรัฐ_ยุทธศาสตร์ชาติ_ตัวเลือกหลัก_61-80.mp4,D:\ตัดแล้ว\เตรียมคลิปลง กตต\07 ยุทธศาสตร์ชาติ 20 ปี\07_นโยบายแห่งรัฐ_ยุทธศาสตร์ชาติ_ตัวเลือกหลัก_61-80.mp4,ยุทธศาสตร์ชาติ | นโยบายแห่งรัฐ | ยุทธศาสตร์ชาติ 20 ปี | ยุทธศาสตร์ชาติ20ปี,,,
กรมการพัฒนาชุมชน / พัฒนากร,กรมการพัฒนาชุมชน / พัฒนากร,16,แผนปฏิบัติราชการกระทรวงมหาดไทย ประเด็นการพัฒนากรมการพัฒนาชุมชน และโครงการ/กิจกรรม สำคัญของกรมการพัฒนาชุมชน,ยังไม่ลงลิงก์,ยังไม่ลงลิงก์,,https://www.facebook.com/groups/1242664327590257/announcements?locale=th_TH,,ไม่พบ,ไม่พบคลิปในดัชนี,,,,,,,
กรมการพัฒนาชุมชน / พัฒนากร,กรมการพัฒนาชุมชน / พัฒนากร,17,ความรู้ทั่วไปเกี่ยวกับเศรษฐกิจ สังคม การเมือง และเหตุการณ์ปัจจุบัน,ยังไม่ลงลิงก์,ยังไม่ลงลิงก์,,https://www.facebook.com/groups/1242664327590257/announcements?locale=th_TH,,มี,น่าจะตรง,64,ความรู้สถานการณ์ สังคม เศรษฐกิจ การเมืองการปกครอง.mp4,D:\ตัดแล้ว\มีนาคม 69\04032026\ความรู้สถานการณ์ สังคม เศรษฐกิจ การเมืองการปกครอง.mp4,สังคม | การเมือง,,,
กรมคุ้มครองสิทธิและเสรีภาพ,กรมคุ้มครองสิทธิและเสรีภาพ by พี่ซุนวู,1.3,พระราชกฤษฎีกา ว่าด้วยหลักเกณฑ์และวิธีการบริหารกิจการบ้านเมืองที่ดี พ.ศ. 2546,ยังไม่ลงลิงก์,ยังไม่ลงลิงก์,ลงลิงก์แล้ว,https://www.facebook.com/groups/2212543922835815,,มี,ตรงมาก,100,06 - พระราชกฤษฎีกาว่าด้วยหลักเกณฑ์และวิธีการบริหารกิจการบ้านเมืองที่ดี พ.ศ. 2546.mp4,D:\ตัดแล้ว\เตรียมคลิป สป อว\06 - พระราชกฤษฎีกาว่าด้วยหลักเกณฑ์และวิธีการบริหารกิจการบ้านเมืองที่ดี พ.ศ. 2546.mp4,ว่าด้วยหลักเกณฑ์และวิธีการบริหารกิจการบ้านเมืองที่ดี | หลักเกณฑ์และวิธีการบริหารกิจการบ้านเมืองที่ดี | 2546 | กิจการบ้านเมืองที่ดี | บ้านเมืองที่ดี,2546,,
กรมคุ้มครองสิทธิและเสรีภาพ,กรมคุ้มครองสิทธิและเสรีภาพ by พี่ซุนวู,1.4,พระราชบัญญัติ ข้อมูลข่าวสารของราชการ พ.ศ. 2540,ยังไม่ลงลิงก์,ยังไม่ลงลิงก์,ลงลิงก์แล้ว,https://www.facebook.com/groups/2212543922835815,,มี,ตรงมาก,100,04_ข้อมูลข่าวสาร_2540_ตัวเลือกหลัก_15052026.mp4,D:\ตัดแล้ว\เตรียมคลิป สป อว\04 พระราชบัญญัติ ข้อมูลข่าวสารของราชการ 2540\04_ข้อมูลข่าวสาร_2540_ตัวเลือกหลัก_15052026.mp4,ข้อมูลข่าวสารของราชการ | 2540 | ข้อมูลข่าวสาร,2540,,2026-06-02T06:01:00.797Z
กรมคุ้มครองสิทธิและเสรีภาพ,กรมคุ้มครองสิทธิและเสรีภาพ by พี่ซุนวู,1.5,พระราชบัญญัติ การอำนวยความสะดวกในการพิจารณาอนุญาตของทาง ราชการ พ.ศ. 2558,ยังไม่ลงลิงก์,ยังไม่ลงลิงก์,ยังไม่ลงลิงก์,https://www.facebook.com/groups/2212543922835815,,มี,มีคลิปใกล้เคียง ต้องตรวจ,40,EP 2 - ความรู้ด้านการเมือง การปกครอง และการบริหารร.mp4,D:\ตัดแล้ว\ความรู้ด้านการเมือง การปกครอง และการบริหารราชการ\EP 2 - ความรู้ด้านการเมือง การปกครอง และการบริหารร.mp4,ราชการ,,,
กรมคุ้มครองสิทธิและเสรีภาพ,กรมคุ้มครองสิทธิและเสรีภาพ by พี่ซุนวู,1.7,ระเบียบสำนักนายกรัฐมนตรีว่าด้วยการลาของข้าราชการ พ.ศ. 2555,ยังไม่ลงลิงก์,ยังไม่ลงลิงก์,ลงลิงก์แล้ว,https://www.facebook.com/groups/2212543922835815,,ไม่พบ,ไม่พบคลิปในดัชนี,,,,,,,
กรมคุ้มครองสิทธิและเสรีภาพ,กรมคุ้มครองสิทธิและเสรีภาพ by พี่ซุนวู,1.10,พระราชบัญญัติ การปฏิบัติราชการทางอิเล็กทรอนิกส์ พ.ศ. 2565,ยังไม่ลงลิงก์,ยังไม่ลงลิงก์,ลงลิงก์แล้ว,https://www.facebook.com/groups/2212543922835815,,มี,ตรงมาก,100,คลิปหลัก - คลิปหลัก - พระราชบัญญัติ การปฏิบัติราชการทางอิเล็กทรอนิกส์ พ.ศ. 2565.mp4,D:\ตัดแล้ว\พฤษภา 69\27052026\สปสธ จพน การเงิน\11 พระราชบัญญัติการปฏิบัติราชการทางอิเล็กทรอนิกส์ พ.ศ. 2565\คลิปหลัก - คลิปหลัก - พระราชบัญญัติ การปฏิบัติราชการทางอิเล็กทรอนิกส์ พ.ศ. 2565.mp4,การปฏิบัติราชการทางอิเล็กทรอนิกส์ | 2565 | อิเล็กทรอนิกส์,2565,,
กรมคุ้มครองสิทธิและเสรีภาพ,กรมคุ้มครองสิทธิและเสรีภาพ by พี่ซุนวู,1.11,พระราชบัญญัติ มาตรฐานทางจริยธรรม พ.ศ. 2562 และประมวล จริยธรรมข้าราชการพลเรือน การเป็นข้าราชการที่ดี รวมถึงหลักธรรมาภิบาล,ยังไม่ลงลิงก์,ยังไม่ลงลิงก์,ยังไม่ลงลิงก์,https://www.facebook.com/groups/2212543922835815,,มี,มีคลิปใกล้เคียง ต้องตรวจ,42,พรบ.ขรกพลเรือน ครั้งที่ 1 ปภ.mp4,D:\ตัดแล้ว\เมษา 69\30042026\พรบ.ขรกพลเรือน ครั้งที่ 1 ปภ.mp4,พลเรือน | ก พ | กพ,,,
กรมคุ้มครองสิทธิและเสรีภาพ,กรมคุ้มครองสิทธิและเสรีภาพ by พี่ซุนวู,2.1,ความรู้เกี่ยวกับกรมคุ้มครองสิทธิและเสรีภาพ,ยังไม่ลงลิงก์,ยังไม่ลงลิงก์,ยังไม่ลงลิงก์,https://www.facebook.com/groups/2212543922835815,,ไม่พบ,ไม่พบคลิปในดัชนี,,,,,,,
กรมคุ้มครองสิทธิและเสรีภาพ,กรมคุ้มครองสิทธิและเสรีภาพ by พี่ซุนวู,2.2,ความรู้เกี่ยวกับสิทธิและเสรีภาพ และสิทธิมนุษยชน,ยังไม่ลงลิงก์,ยังไม่ลงลิงก์,ยังไม่ลงลิงก์,https://www.facebook.com/groups/2212543922835815,,ไม่พบ,ไม่พบคลิปในดัชนี,,,,,,,
กรมคุ้มครองสิทธิและเสรีภาพ,กรมคุ้มครองสิทธิและเสรีภาพ by พี่ซุนวู,2.3,แผนสิทธิมนุษยชนแห่งชาติ,ยังไม่ลงลิงก์,ยังไม่ลงลิงก์,ยังไม่ลงลิงก์,https://www.facebook.com/groups/2212543922835815,,ไม่พบ,ไม่พบคลิปในดัชนี,,,,,,,
กรมคุ้มครองสิทธิและเสรีภาพ,กรมคุ้มครองสิทธิและเสรีภาพ by พี่ซุนวู,2.4,แผนปฏิบัติการระดับชาติว่าด้วยธุรกิจกับสิทธิมนุษยชน,ยังไม่ลงลิงก์,ยังไม่ลงลิงก์,ยังไม่ลงลิงก์,https://www.facebook.com/groups/2212543922835815,,ไม่พบ,ไม่พบคลิปในดัชนี,,,,,,,
กรมคุ้มครองสิทธิและเสรีภาพ,กรมคุ้มครองสิทธิและเสรีภาพ by พี่ซุนวู,2.5,พระราชบัญญัติ ค่าตอบแทนผู้เสียหาย และค่าทดแทนและค่าใช้จ่ายแก่จำเลย ในคดีอาญา พ.ศ. 2544 และที่แก้ไขเพิ่มเติม,ยังไม่ลงลิงก์,ยังไม่ลงลิงก์,ยังไม่ลงลิงก์,https://www.facebook.com/groups/2212543922835815,,ไม่พบ,ไม่พบคลิปในดัชนี,,,,,,,
กรมคุ้มครองสิทธิและเสรีภาพ,กรมคุ้มครองสิทธิและเสรีภาพ by พี่ซุนวู,2.6,พระราชบัญญัติ คุ้มครองพยานในคดีอาญา พ.ศ. 2546 และที่แก้ไขเพิ่มเติม และระเบียบที่เกี่ยวข้อง,ยังไม่ลงลิงก์,ยังไม่ลงลิงก์,ยังไม่ลงลิงก์,https://www.facebook.com/groups/2212543922835815,,ไม่พบ,ไม่พบคลิปในดัชนี,,,,,,,
กรมคุ้มครองสิทธิและเสรีภาพ,กรมคุ้มครองสิทธิและเสรีภาพ by พี่ซุนวู,2.7,พระราชบัญญัติ การไกล่เกลี่ยข้อพิพาท พ.ศ. 2562 และระเบียบข้อปฏิบัติ ที่เกี่ยวข้อง,ยังไม่ลงลิงก์,ยังไม่ลงลิงก์,ยังไม่ลงลิงก์,https://www.facebook.com/groups/2212543922835815,,ไม่พบ,ไม่พบคลิปในดัชนี,,,,,,,
กรมคุ้มครองสิทธิและเสรีภาพ,กรมคุ้มครองสิทธิและเสรีภาพ by พี่ซุนวู,2.8,การช่วยเหลือประชาชนทางกฎหมาย,ยังไม่ลงลิงก์,ยังไม่ลงลิงก์,ยังไม่ลงลิงก์,https://www.facebook.com/groups/2212543922835815,,ไม่พบ,ไม่พบคลิปในดัชนี,,,,,,,
กรมคุ้มครองสิทธิและเสรีภาพ,กรมคุ้มครองสิทธิและเสรีภาพ by พี่ซุนวู,2.9,การจัดการเรื่องราวร้องทุกข์ ตามระเบียบสำนักนายกรัฐมนตรีว่าด้วย การจัดการเรื่องราวร้องทุกข์ พ.ศ. 2552,ยังไม่ลงลิงก์,ยังไม่ลงลิงก์,ยังไม่ลงลิงก์,https://www.facebook.com/groups/2212543922835815,,ไม่พบ,ไม่พบคลิปในดัชนี,,,,,,,
กรมคุ้มครองสิทธิและเสรีภาพ,กรมคุ้มครองสิทธิและเสรีภาพ by พี่ซุนวู,2.10,การส่งเสริมสิทธิผู้ต้องหาในชั้นสอบสวนคดีอาญา,ยังไม่ลงลิงก์,ยังไม่ลงลิงก์,ยังไม่ลงลิงก์,https://www.facebook.com/groups/2212543922835815,,ไม่พบ,ไม่พบคลิปในดัชนี,,,,,,,
กรม ปภ. เจ้าพนักงานการเงินและบัญชี,กรม ปภ. เจ้าพนักงานการเงินและบัญชี,1.2,ความรู้เกี่ยวกับสถานการณ์สาธารณภัย การบริหารจัดการสาธารณภัยของประเทศไทย และของโลก,ยังไม่ลงลิงก์,ยังไม่ลงลิงก์,,https://www.facebook.com/groups/839569219190554/announcements?locale=th_TH,,ไม่พบ,ไม่พบคลิปในดัชนี,,,,,,,
กรม ปภ. เจ้าพนักงานการเงินและบัญชี,กรม ปภ. เจ้าพนักงานการเงินและบัญชี,1.3,ความรู้เกี่ยวกับการเมือง เศรษฐกิจและสังคม,ยังไม่ลงลิงก์,ยังไม่ลงลิงก์,,https://www.facebook.com/groups/839569219190554/announcements?locale=th_TH,,มี,มีคลิปใกล้เคียง ต้องตรวจ,40,EP 2 - ความรู้ด้านการเมือง การปกครอง และการบริหารร.mp4,D:\ตัดแล้ว\ความรู้ด้านการเมือง การปกครอง และการบริหารราชการ\EP 2 - ความรู้ด้านการเมือง การปกครอง และการบริหารร.mp4,การเมือง,,,
กรม ปภ. เจ้าพนักงานการเงินและบัญชี,กรม ปภ. เจ้าพนักงานการเงินและบัญชี,1.4,ความรู้เกี่ยวกับกรมป้องกันและบรรเทาสาธารณภัย,ยังไม่ลงลิงก์,ยังไม่ลงลิงก์,,https://www.facebook.com/groups/839569219190554/announcements?locale=th_TH,ยังไม่สอน,ไม่พบ,ไม่พบคลิปในดัชนี,,,,,,อ.ลูกจันทร์,
กรม ปภ. เจ้าพนักงานการเงินและบัญชี,กรม ปภ. เจ้าพนักงานการเงินและบัญชี,2.3,พระราชบัญญัติ วินัยการเงินการคลังของรัฐ พ.ศ. 2561,ยังไม่ลงลิงก์,ยังไม่ลงลิงก์,,https://www.facebook.com/groups/839569219190554/announcements?locale=th_TH,,มี,ตรงมาก,100,พระราชบัญญัติวินัยการเงินการคลังของรัฐ พ ศ  2561.mp4,D:\ตัดแล้ว\การเงิน\พระราชบัญญัติวินัยการเงินการคลังของรัฐ พ ศ 2561\พระราชบัญญัติวินัยการเงินการคลังของรัฐ พ ศ  2561.mp4,วินัยการเงินการคลังของรัฐ | 2561,2561,,
กรม ปภ. นักวิเคราะห์นโยบายและแผน,กรม ปภ. นักวิเคราะห์นโยบายและแผน,2.2,ระเบียบสำนักนายกรัฐมนตรีว่าด้วยการบริหารระบบการเตือนภัยพิบัติแห่งชาติ พ.ศ. 2552 และที่แก้ไขเพิ่มเติม,ยังไม่ลงลิงก์,ยังไม่ลงลิงก์,ลงลิงก์แล้ว,https://www.facebook.com/groups/956605053931608/announcements?locale=th_TH,,ไม่พบ,ไม่พบคลิปในดัชนี,,,,,,,
กรม ปภ. นักวิเคราะห์นโยบายและแผน,กรม ปภ. นักวิเคราะห์นโยบายและแผน,2.4,ระเบียบสำนักนายกรัฐมนตรี/กระทรวงมหาดไทย ว่าด้วยกิจการอาสาสมัครป้องกันภัยฝ่ายพลเรือน (อปพร.),ยังไม่ลงลิงก์,ยังไม่ลงลิงก์,,https://www.facebook.com/groups/956605053931608/announcements?locale=th_TH,,มี,มีคลิปใกล้เคียง ต้องตรวจ,47,07 - ระเบียบสำนักนายกรัฐมนตรีว่าด้วยงานสารบรรณ พ.ศ. 2526 และที่แก้ไขเพิ่มเติม.mp4,D:\ตัดแล้ว\เตรียมคลิป สป อว\07 - ระเบียบสำนักนายกรัฐมนตรีว่าด้วยงานสารบรรณ พ.ศ. 2526 และที่แก้ไขเพิ่มเติม.mp4,ระเบียบสำนักนายกรัฐมนตรี | สำนักนายกรัฐมนตรี,2526,,
กรม ปภ. นักวิเคราะห์นโยบายและแผน,กรม ปภ. นักวิเคราะห์นโยบายและแผน,3.1,ความรู้เกี่ยวกับโครงสร้างและภารกิจของ กรมป้องกันและบรรเทาสาธารณภัย,ยังไม่ลงลิงก์,ยังไม่ลงลิงก์,,https://www.facebook.com/groups/956605053931608/announcements?locale=th_TH,,ไม่พบ,ไม่พบคลิปในดัชนี,,,,,,อ.แจ้,
กรม ปภ. นักวิเคราะห์นโยบายและแผน,กรม ปภ. นักวิเคราะห์นโยบายและแผน,3.2,ความรู้เกี่ยวกับสถานการณ์สาธารณภัย การบริหารจัดการสาธารณภัยของประเทศไทย และของโลก,ยังไม่ลงลิงก์,ยังไม่ลงลิงก์,,https://www.facebook.com/groups/956605053931608/announcements?locale=th_TH,,ไม่พบ,ไม่พบคลิปในดัชนี,,,,,,,
กรม ปภ. นักวิเคราะห์นโยบายและแผน,กรม ปภ. นักวิเคราะห์นโยบายและแผน,3.3,ความรู้ด้านการเมือง เศรษฐกิจ สังคม และการงบประมาณ,ยังไม่ลงลิงก์,ยังไม่ลงลิงก์,,https://www.facebook.com/groups/956605053931608/announcements?locale=th_TH,,มี,มีคลิปใกล้เคียง ต้องตรวจ,42,การบริหารงบประมาณ เฉพาะนักจัด ปิดคอร์ส.mp4,D:\ตัดแล้ว\ลงแล้ว\การบริหารงบประมาณ เฉพาะนักจัด ปิดคอร์ส.mp4,งบประมาณ | งบ | บริหารงบประมาณ | การบริหารงบประมาณ,,,
กรม ปภ. นักวิเคราะห์นโยบายและแผน,กรม ปภ. นักวิเคราะห์นโยบายและแผน,4.1,พ.ร.บ. วิธีการงบประมาณ พ.ศ. 2561,ช่องสถานะว่าง,(ว่าง),,https://www.facebook.com/groups/956605053931608/announcements?locale=th_TH,,มี,น่าจะตรง,56,พระราชบัญญัติวิธีการงบประมาณ พ.ศ. 2561.mp4,D:\ตัดแล้ว\งบประมาณ\พระราชบัญญัติวิธีการงบประมาณ พ.ศ. 2561\พระราชบัญญัติวิธีการงบประมาณ พ.ศ. 2561.mp4,วิธีการงบประมาณ | 2561 | งบประมาณ | งบ,2561,,
กรม ปภ. นักวิเคราะห์นโยบายและแผน,กรม ปภ. นักวิเคราะห์นโยบายและแผน,4.2,ระเบียบกระทรวงการคลังว่าด้วยการเบิกเงินจากคลัง การรับเงิน การจ่ายเงิน การเก็บ รักษาเงิน และการนำเงินส่งคลัง พ.ศ. 2562 และที่แก้ไขเพิ่มเติม,ช่องสถานะว่าง,(ว่าง),ลงลิงก์แล้ว,https://www.facebook.com/groups/956605053931608/announcements?locale=th_TH,,ไม่พบ,ไม่พบคลิปในดัชนี,,,,,,,2026-06-09T17:51:05.856Z
กรม ปภ. นักวิเคราะห์นโยบายและแผน,กรม ปภ. นักวิเคราะห์นโยบายและแผน,4.3,ระเบียบกระทรวงการคลังว่าด้วยเงินทดรองราชการเพื่อช่วยเหลือผู้ประสบภัยพิบัติ กรณีฉุกเฉิน พ.ศ. 2568,ช่องสถานะว่าง,(ว่าง),,https://www.facebook.com/groups/956605053931608/announcements?locale=th_TH,,ไม่พบ,ไม่พบคลิปในดัชนี,,,,,,,
กรม ปภ. นักวิชาการเงินและบัญชี,กรม ปภ. นักวิชาการเงินและบัญชี,1.6,ระเบียบสำนักนายกรัฐมนตรีว่าด้วยการบริหารระบบการเตือนภัยพิบัติแห่งชาติ พ.ศ. 2552 และที่แก้ไขเพิ่มเติม,ยังไม่ลงลิงก์,ยังไม่ลงลิงก์,ลงลิงก์แล้ว,https://www.facebook.com/groups/1473079857791274/announcements?locale=th_TH,,ไม่พบ,ไม่พบคลิปในดัชนี,,,,,,,
กรม ปภ. นักวิชาการเงินและบัญชี,กรม ปภ. นักวิชาการเงินและบัญชี,1.8,ระเบียบสำนักนายกรัฐมนตรีว่าด้วยการป้องกันอุบัติภัยแห่งชาติ พ.ศ. 2564,ยังไม่ลงลิงก์,ยังไม่ลงลิงก์,,https://www.facebook.com/groups/1473079857791274/announcements?locale=th_TH,,ไม่พบ,ไม่พบคลิปในดัชนี,,,,,,,
กรม ปภ. นักวิชาการเงินและบัญชี,กรม ปภ. นักวิชาการเงินและบัญชี,1.9,ระเบียบกระทรวงมหาดไทยว่าด้วยกิจการอาสาสมัครป้องกันภัยฝ่ายพลเรือน พ.ศ. 2553 และที่แก้ไขเพิ่มเติม,ยังไม่ลงลิงก์,ยังไม่ลงลิงก์,,https://www.facebook.com/groups/1473079857791274/announcements?locale=th_TH,,ไม่พบ,ไม่พบคลิปในดัชนี,,,,,,,
กรม ปภ. นักวิชาการเงินและบัญชี,กรม ปภ. นักวิชาการเงินและบัญชี,2.6,ระเบียบกระทรวงการคลังว่าด้วยเงินทดรองราชการเพื่อช่วยเหลือผู้ประสบภัยพิบัติ กรณีฉุกเฉิน พ.ศ. 2568,ยังไม่ลงลิงก์,ยังไม่ลงลิงก์,,https://www.facebook.com/groups/1473079857791274/announcements?locale=th_TH,,ไม่พบ,ไม่พบคลิปในดัชนี,,,,,,,
กรม ปภ. นักวิชาการเงินและบัญชี,กรม ปภ. นักวิชาการเงินและบัญชี,3,ความรู้เกี่ยวกับสถานการณ์สาธารณภัย การบริหารจัดการสาธารณภัยของประเทศไทย และของโลก,ยังไม่ลงลิงก์,ยังไม่ลงลิงก์,,https://www.facebook.com/groups/1473079857791274/announcements?locale=th_TH,,ไม่พบ,ไม่พบคลิปในดัชนี,,,,,,,
กรม ปภ. นักวิชาการเงินและบัญชี,กรม ปภ. นักวิชาการเงินและบัญชี,4,ความรู้เกี่ยวกับการเมือง เศรษฐกิจและสังคม,ยังไม่ลงลิงก์,ยังไม่ลงลิงก์,,https://www.facebook.com/groups/1473079857791274/announcements?locale=th_TH,,มี,มีคลิปใกล้เคียง ต้องตรวจ,40,EP 2 - ความรู้ด้านการเมือง การปกครอง และการบริหารร.mp4,D:\ตัดแล้ว\ความรู้ด้านการเมือง การปกครอง และการบริหารราชการ\EP 2 - ความรู้ด้านการเมือง การปกครอง และการบริหารร.mp4,การเมือง,,,
กรม ปภ. นักวิชาการเงินและบัญชี,กรม ปภ. นักวิชาการเงินและบัญชี,6,ความรู้เกี่ยวกับกรมป้องกันและบรรเทาสาธารณภัย,ยังไม่ลงลิงก์,ยังไม่ลงลิงก์,,https://www.facebook.com/groups/1473079857791274/announcements?locale=th_TH,ยังไม่สอน,ไม่พบ,ไม่พบคลิปในดัชนี,,,,,,อ.ลูกจันทร์,
กรม ปภ. นักวิชาการเผยแพร่ปฏิบัติการ,กรม ปภ. นักวิชาการเผยแพร่ปฏิบัติการ By ซุนวู,6,ระเบียบสำนักนายกรัฐมนตรีว่าด้วยการบริหารระบบการเตือนภัยพิบัติแห่งชาติ พ.ศ. 2552 และที่แก้ไขเพิ่มเติม,ยังไม่ลงลิงก์,ยังไม่ลงลิงก์,ลงลิงก์แล้ว,https://www.facebook.com/groups/848235177881326/announcements,,ไม่พบ,ไม่พบคลิปในดัชนี,,,,,,,
กรม ปภ. นักวิชาการเผยแพร่ปฏิบัติการ,กรม ปภ. นักวิชาการเผยแพร่ปฏิบัติการ By ซุนวู,8,ระเบียบสำนักนายกรัฐมนตรีว่าด้วยการป้องกันอุบัติภัยแห่งชาติ พ.ศ. 2564,ยังไม่ลงลิงก์,ยังไม่ลงลิงก์,,https://www.facebook.com/groups/848235177881326/announcements,,ไม่พบ,ไม่พบคลิปในดัชนี,,,,,,,
กรม ปภ. นักวิชาการเผยแพร่ปฏิบัติการ,กรม ปภ. นักวิชาการเผยแพร่ปฏิบัติการ By ซุนวู,9,ระเบียบกระทรวงมหาดไทยว่าด้วยกิจการอาสาสมัครป้องกันภัยฝ่ายพลเรือน พ.ศ. 2553 และที่แก้ไขเพิ่มเติม,ยังไม่ลงลิงก์,ยังไม่ลงลิงก์,,https://www.facebook.com/groups/848235177881326/announcements,,ไม่พบ,ไม่พบคลิปในดัชนี,,,,,,,
กรม ปภ. นักวิชาการเผยแพร่ปฏิบัติการ,กรม ปภ. นักวิชาการเผยแพร่ปฏิบัติการ By ซุนวู,12,ความรู้เกี่ยวกับสถานการณ์สาธารณภัย การบริหารจัดการสาธารณภัยของประเทศไทยและของโลก,ยังไม่ลงลิงก์,ยังไม่ลงลิงก์,ลงลิงก์แล้ว,https://www.facebook.com/groups/848235177881326/announcements,,ไม่พบ,ไม่พบคลิปในดัชนี,,,,,,,
กรม ปภ. นักวิชาการเผยแพร่ปฏิบัติการ,กรม ปภ. นักวิชาการเผยแพร่ปฏิบัติการ By ซุนวู,13,ความรู้เกี่ยวกับการเมือง เศรษฐกิจและสังคม,ยังไม่ลงลิงก์,ยังไม่ลงลิงก์,,https://www.facebook.com/groups/848235177881326/announcements,,มี,มีคลิปใกล้เคียง ต้องตรวจ,40,EP 2 - ความรู้ด้านการเมือง การปกครอง และการบริหารร.mp4,D:\ตัดแล้ว\ความรู้ด้านการเมือง การปกครอง และการบริหารราชการ\EP 2 - ความรู้ด้านการเมือง การปกครอง และการบริหารร.mp4,การเมือง,,,
กรม ปภ. นักวิชาการเผยแพร่ปฏิบัติการ,กรม ปภ. นักวิชาการเผยแพร่ปฏิบัติการ By ซุนวู,14,ความรู้ทางด้านภาษาอังกฤษ,ยังไม่ลงลิงก์,ยังไม่ลงลิงก์,,https://www.facebook.com/groups/848235177881326/announcements,,ไม่พบ,ไม่พบคลิปในดัชนี,,,,,,,
กรม ปภ. นักวิชาการเผยแพร่ปฏิบัติการ,กรม ปภ. นักวิชาการเผยแพร่ปฏิบัติการ By ซุนวู,15,ความรู้เกี่ยวกับกรมป้องกันและบรรเทาสาธารณภัย,ยังไม่ลงลิงก์,ยังไม่ลงลิงก์,,https://www.facebook.com/groups/848235177881326/announcements,,ไม่พบ,ไม่พบคลิปในดัชนี,,,,,,,
กรม ปภ. นักวิชาการเผยแพร่ปฏิบัติการ,กรม ปภ. นักวิชาการเผยแพร่ปฏิบัติการ By ซุนวู,16,การเผยแพร่และประชาสัมพันธ์ การสื่อสารและจัดการข้อมูลข่าวสารในภาวะฉุกเฉิน การผลิตสื่อ การวางแผนเชิงกลยุทธ์ การบริหารแผนงาน/โครงการ/กิจกรรม การใช้เทคโนโลยีดิจิทัล คอมพิวเตอร์ และอุปกรณ์สำนักงาน/กลยุทธ์การสื่อสารออนไลน์หรือดิจิทัล การเลือกใช้โซเชียลมีเดีย,ยังไม่ลงลิงก์,ยังไม่ลงลิงก์,ลงลิงก์แล้ว,https://www.facebook.com/groups/848235177881326/announcements,,มี,น่าจะตรง,55,คลิปหลัก - พระราชบัญญัติ ว่าด้วยการกระทำความผิดเกี่ยวกับคอมพิวเตอร์ พ.ศ. 2550 และที่แก้ไขเพิ่มเติม.mp4,D:\ตัดแล้ว\พฤษภา 69\27052026\สปสธ จพน การเงิน\09 พระราชบัญญัติว่าด้วยการกระทำความผิดเกี่ยวกับคอมพิวเตอร์ พ.ศ. 2550 และที่แก้ไขเพิ\คลิปหลัก - พระราชบัญญัติ ว่าด้วยการกระทำความผิดเกี่ยวกับคอมพิวเตอร์ พ.ศ. 2550 และที่แก้ไขเพิ่มเติม.mp4,คอมพิวเตอร์ | กระทำความผิดเกี่ยวกับคอมพิวเตอร์ | กระทำความผิดคอมพิวเตอร์ | ความผิดเกี่ยวกับคอมพิวเตอร์ | ความผิดคอมพิวเตอร์ | คอม | 2550,2550,,
กรม ปภ. นักวิชาการเผยแพร่ปฏิบัติการ,กรม ปภ. นักวิชาการเผยแพร่ปฏิบัติการ By ซุนวู,20,ระเบียบกระทรวงการคลังว่าด้วยเงินทดรองราชการเพื่อช่วยเหลือผู้ประสบภัยพิบัติกรณีฉุกเฉิน พ.ศ. 2568,ยังไม่ลงลิงก์,ยังไม่ลงลิงก์,,https://www.facebook.com/groups/848235177881326/announcements,,ไม่พบ,ไม่พบคลิปในดัชนี,,,,,,,
กรม ปภ. นักวิชาการพัสดุ,กรม ปภ. นักวิชาการพัสดุปฏิบัติการ By ซุนวู,1,ความรู้เกี่ยวกับระเบียบ กฎหมายทั่วไป และกฎหมายที่เกี่ยวข้องกับกรมป้องกันและบรรเทาสาธารณภัย,ยังไม่ลงลิงก์,ยังไม่ลงลิงก์,ยังไม่ลงลิงก์,https://www.facebook.com/groups/2216206602465029,,มี,ตรงมาก,96,ความรู้ทั่วไปเกี่ยวกับสังคม เศรษฐกิจ วัฒนธรรม ประ.mp4,D:\ตัดแล้ว\ลงแล้ว\ความรู้ทั่วไปเกี่ยวกับสังคม เศรษฐกิจ วัฒนธรรม ประ.mp4,ความรู้เกี่ยวกับระเบียบ | กฎหมายทั่วไป | ทั่วไป,,,2026-06-02T06:13:55.144Z
กรม ปภ. นักวิชาการพัสดุ,กรม ปภ. นักวิชาการพัสดุปฏิบัติการ By ซุนวู,7,ระเบียบสำนักนายกรัฐมนตรีว่าด้วยการบริหารระบบการเตือนภัยพิบัติแห่งชาติ พ.ศ. 2552 และที่แก้ไขเพิ่มเติม,ยังไม่ลงลิงก์,ยังไม่ลงลิงก์,ลงลิงก์แล้ว,https://www.facebook.com/groups/2216206602465029,,ไม่พบ,ไม่พบคลิปในดัชนี,,,,,,,
กรม ปภ. นักวิชาการพัสดุ,กรม ปภ. นักวิชาการพัสดุปฏิบัติการ By ซุนวู,9,ระเบียบสำนักนายกรัฐมนตรีว่าด้วยการป้องกันอุบัติภัยแห่งชาติ พ.ศ. 2564,ยังไม่ลงลิงก์,ยังไม่ลงลิงก์,,https://www.facebook.com/groups/2216206602465029,,ไม่พบ,ไม่พบคลิปในดัชนี,,,,,,,
กรม ปภ. นักวิชาการพัสดุ,กรม ปภ. นักวิชาการพัสดุปฏิบัติการ By ซุนวู,10,ระเบียบกระทรวงมหาดไทยว่าด้วยกิจการอาสาสมัครป้องกันภัยฝ่ายพลเรือน พ.ศ. 2553 และที่แก้ไขเพิ่มเติม,ยังไม่ลงลิงก์,ยังไม่ลงลิงก์,,https://www.facebook.com/groups/2216206602465029,,ไม่พบ,ไม่พบคลิปในดัชนี,,,,,,,
กรม ปภ. นักวิชาการพัสดุ,กรม ปภ. นักวิชาการพัสดุปฏิบัติการ By ซุนวู,12,ความรู้เกี่ยวกับการงบประมาณ,ยังไม่ลงลิงก์,ยังไม่ลงลิงก์,,https://www.facebook.com/groups/2216206602465029,,มี,มีคลิปใกล้เคียง ต้องตรวจ,45,การบริหารงบประมาณ เฉพาะนักจัด ปิดคอร์ส.mp4,D:\ตัดแล้ว\ลงแล้ว\การบริหารงบประมาณ เฉพาะนักจัด ปิดคอร์ส.mp4,งบประมาณ | งบ | บริหารงบประมาณ | การบริหารงบประมาณ,,,
กรม ปภ. นักวิชาการพัสดุ,กรม ปภ. นักวิชาการพัสดุปฏิบัติการ By ซุนวู,13,ความรู้เกี่ยวกับสถานการณ์สาธารณภัย การบริหารจัดการสาธารณภัยของประเทศไทยและของโลก,ยังไม่ลงลิงก์,ยังไม่ลงลิงก์,,https://www.facebook.com/groups/2216206602465029,,ไม่พบ,ไม่พบคลิปในดัชนี,,,,,,,
กรม ปภ. นักวิชาการพัสดุ,กรม ปภ. นักวิชาการพัสดุปฏิบัติการ By ซุนวู,14,ความรู้เกี่ยวกับการเมือง เศรษฐกิจและสังคม,ยังไม่ลงลิงก์,ยังไม่ลงลิงก์,,https://www.facebook.com/groups/2216206602465029,,มี,มีคลิปใกล้เคียง ต้องตรวจ,40,EP 2 - ความรู้ด้านการเมือง การปกครอง และการบริหารร.mp4,D:\ตัดแล้ว\ความรู้ด้านการเมือง การปกครอง และการบริหารราชการ\EP 2 - ความรู้ด้านการเมือง การปกครอง และการบริหารร.mp4,การเมือง,,,
กรม ปภ. นักวิชาการพัสดุ,กรม ปภ. นักวิชาการพัสดุปฏิบัติการ By ซุนวู,15,ความรู้ทางด้านภาษาอังกฤษ,ยังไม่ลงลิงก์,ยังไม่ลงลิงก์,,https://www.facebook.com/groups/2216206602465029,,ไม่พบ,ไม่พบคลิปในดัชนี,,,,,,,
กรม ปภ. นักวิชาการพัสดุ,กรม ปภ. นักวิชาการพัสดุปฏิบัติการ By ซุนวู,16,ความรู้เกี่ยวกับกรมป้องกันและบรรเทาสาธารณภัย,ยังไม่ลงลิงก์,ยังไม่ลงลิงก์,,https://www.facebook.com/groups/2216206602465029,,ไม่พบ,ไม่พบคลิปในดัชนี,,,,,,,
กรม ปภ. นักวิชาการพัสดุ,กรม ปภ. นักวิชาการพัสดุปฏิบัติการ By ซุนวู,17,ความรู้เกี่ยวกับการบริหารพัสดุภาครัฐ ระบบการจัดซื้อจัดจ้างภาครัฐด้วยอิเล็กทรอนิกส์ (e-GP) การบริหารความเสี่ยง การบริหารจัดการสำนักงาน การใช้เทคโนโลยีดิจิทัล คอมพิวเตอร์ และอุปกรณ์สำนักงาน,ยังไม่ลงลิงก์,ยังไม่ลงลิงก์,,https://www.facebook.com/groups/2216206602465029,,มี,น่าจะตรง,63,คลิปหลัก - พระราชบัญญัติ ว่าด้วยการกระทำความผิดเกี่ยวกับคอมพิวเตอร์ พ.ศ. 2550 และที่แก้ไขเพิ่มเติม.mp4,D:\ตัดแล้ว\พฤษภา 69\27052026\สปสธ จพน การเงิน\09 พระราชบัญญัติว่าด้วยการกระทำความผิดเกี่ยวกับคอมพิวเตอร์ พ.ศ. 2550 และที่แก้ไขเพิ\คลิปหลัก - พระราชบัญญัติ ว่าด้วยการกระทำความผิดเกี่ยวกับคอมพิวเตอร์ พ.ศ. 2550 และที่แก้ไขเพิ่มเติม.mp4,คอมพิวเตอร์ | กระทำความผิดเกี่ยวกับคอมพิวเตอร์ | กระทำความผิดคอมพิวเตอร์ | ความผิดเกี่ยวกับคอมพิวเตอร์ | ความผิดคอมพิวเตอร์ | คอม | 2550,2550,,
กรม ปภ. นักวิชาการพัสดุ,กรม ปภ. นักวิชาการพัสดุปฏิบัติการ By ซุนวู,23,ระเบียบกระทรวงการคลังว่าด้วยเงินทดรองราชการเพื่อช่วยเหลือผู้ประสบภัยพิบัติกรณีฉุกเฉิน พ.ศ. 2568,ยังไม่ลงลิงก์,ยังไม่ลงลิงก์,ยังไม่ลงลิงก์,https://www.facebook.com/groups/2216206602465029,,ไม่พบ,ไม่พบคลิปในดัชนี,,,,,,,
กรม ปภ. นิติกร,กรม ปภ. นิติกร,1.2.3,ระเบียบสำนักนายกรัฐมนตรีว่าด้วยการบริหารระบบการเตือนภัยพิบัติแห่งชาติ พ.ศ. 2552 และที่แก้ไขเพิ่มเติม,ยังไม่ลงลิงก์,ยังไม่ลงลิงก์,ลงลิงก์แล้ว,https://www.facebook.com/groups/2731761870527884/announcements?locale=th_TH,,ไม่พบ,ไม่พบคลิปในดัชนี,,,,,,,
กรม ปภ. นิติกร,กรม ปภ. นิติกร,1.2.5,ระเบียบสำนักนายกรัฐมนตรี/กระทรวงมหาดไทย ว่าด้วยกิจการอาสาสมัครป้องกันภัยฝ่ายพลเรือน (อปพร.),ยังไม่ลงลิงก์,ยังไม่ลงลิงก์,,https://www.facebook.com/groups/2731761870527884/announcements?locale=th_TH,,มี,มีคลิปใกล้เคียง ต้องตรวจ,47,07 - ระเบียบสำนักนายกรัฐมนตรีว่าด้วยงานสารบรรณ พ.ศ. 2526 และที่แก้ไขเพิ่มเติม.mp4,D:\ตัดแล้ว\เตรียมคลิป สป อว\07 - ระเบียบสำนักนายกรัฐมนตรีว่าด้วยงานสารบรรณ พ.ศ. 2526 และที่แก้ไขเพิ่มเติม.mp4,ระเบียบสำนักนายกรัฐมนตรี | สำนักนายกรัฐมนตรี,2526,,
กรม ปภ. นิติกร,กรม ปภ. นิติกร,1.2.6,ระเบียบกระทรวงการคลังว่าด้วยเงินทดรองราชการเพื่อช่วยเหลือผู้ประสบภัยพิบัติกรณีฉุกเฉิน พ.ศ. 2568,ยังไม่ลงลิงก์,ยังไม่ลงลิงก์,,https://www.facebook.com/groups/2731761870527884/announcements?locale=th_TH,,ไม่พบ,ไม่พบคลิปในดัชนี,,,,,,,
กรม ปภ. นิติกร,กรม ปภ. นิติกร,1.3,ความรู้เกี่ยวกับการงบประมาณ,ยังไม่ลงลิงก์,ยังไม่ลงลิงก์,,https://www.facebook.com/groups/2731761870527884/announcements?locale=th_TH,,มี,มีคลิปใกล้เคียง ต้องตรวจ,45,การบริหารงบประมาณ เฉพาะนักจัด ปิดคอร์ส.mp4,D:\ตัดแล้ว\ลงแล้ว\การบริหารงบประมาณ เฉพาะนักจัด ปิดคอร์ส.mp4,งบประมาณ | งบ | บริหารงบประมาณ | การบริหารงบประมาณ,,,
กรม ปภ. นิติกร,กรม ปภ. นิติกร,1.3.1,พ.ร.บ. วิธีการงบประมาณ พ.ศ. 2561,ช่องสถานะว่าง,(ว่าง),,https://www.facebook.com/groups/2731761870527884/announcements?locale=th_TH,,มี,น่าจะตรง,56,พระราชบัญญัติวิธีการงบประมาณ พ.ศ. 2561.mp4,D:\ตัดแล้ว\งบประมาณ\พระราชบัญญัติวิธีการงบประมาณ พ.ศ. 2561\พระราชบัญญัติวิธีการงบประมาณ พ.ศ. 2561.mp4,วิธีการงบประมาณ | 2561 | งบประมาณ | งบ,2561,,
กรม ปภ. นิติกร,กรม ปภ. นิติกร,1.3.2,ระเบียบกระทรวงการคลังว่าด้วยการเบิกเงินจากคลัง การรับเงิน การจ่ายเงิน การเก็บ รักษาเงิน และการนำเงินส่งคลัง พ.ศ. 2562 และที่แก้ไขเพิ่มเติม,ช่องสถานะว่าง,(ว่าง),ลงลิงก์แล้ว,https://www.facebook.com/groups/2731761870527884/announcements?locale=th_TH,,ไม่พบ,ไม่พบคลิปในดัชนี,,,,,,,2026-06-09T17:50:36.849Z
กรม ปภ. นิติกร,กรม ปภ. นิติกร,1.4,ความรู้เกี่ยวกับสถานการณ์สาธารณภัย การบริหารจัดการสาธารณภัยของประเทศไทย และของโลก,ยังไม่ลงลิงก์,ยังไม่ลงลิงก์,,https://www.facebook.com/groups/2731761870527884/announcements?locale=th_TH,,ไม่พบ,ไม่พบคลิปในดัชนี,,,,,,,
กรม ปภ. นิติกร,กรม ปภ. นิติกร,1.5,ความรู้เกี่ยวกับการเมือง เศรษฐกิจและสังคม,ยังไม่ลงลิงก์,ยังไม่ลงลิงก์,,https://www.facebook.com/groups/2731761870527884/announcements?locale=th_TH,,มี,มีคลิปใกล้เคียง ต้องตรวจ,40,EP 2 - ความรู้ด้านการเมือง การปกครอง และการบริหารร.mp4,D:\ตัดแล้ว\ความรู้ด้านการเมือง การปกครอง และการบริหารราชการ\EP 2 - ความรู้ด้านการเมือง การปกครอง และการบริหารร.mp4,การเมือง,,,
กรม ปภ. นิติกร,กรม ปภ. นิติกร,1.7,ความรู้เกี่ยวกับกรมป้องกันและบรรเทาสาธารณภัย,ยังไม่ลงลิงก์,ยังไม่ลงลิงก์,,https://www.facebook.com/groups/2731761870527884/announcements?locale=th_TH,ยังไม่สอน,ไม่พบ,ไม่พบคลิปในดัชนี,,,,,,อ.ลูกจันทร์,
กรม ปภ. นิติกร,กรม ปภ. นิติกร,2.2,ประมวลกฎหมายวิธีพิจารณาความอาญา (อ.บับเบิ้ล),ยังไม่ลงลิงก์,ยังไม่ลงลิงก์,ยังไม่ลงลิงก์,https://www.facebook.com/groups/2731761870527884/announcements?locale=th_TH,,ไม่พบ,ไม่พบคลิปในดัชนี,,,,,,,
กรม ปภ. นิติกร,กรม ปภ. นิติกร,2.3,ประมวลกฎหมายแพ่งและพาณิชย์ (อ.ฟิล์ม),ยังไม่ลงลิงก์,ยังไม่ลงลิงก์,,https://www.facebook.com/groups/2731761870527884/announcements?locale=th_TH,,มี,น่าจะตรง,57,ประมวลกฎหมายแพ่งและพาณิชย์ มูลนิธิและสมาคม (บรรพ 1 ) EP_2.mp4,D:\ตัดแล้ว\กฎหมายแพ่ง\ประมวลกฎหมายแพ่ง\บรรพ 1\ประมวลกฎหมายแพ่งและพาณิชย์ มูลนิธิและสมาคม (บรรพ 1 ) EP_2.mp4,ประมวลกฎหมายแพ่งและพาณิชย์,,,
นักวิชาการอุตสาหกรรมปฏิบัติการ,กรมส่งเสริมอุตสาหกรรม_Suntzu Tutor,1,ความรู้เกี่ยวกับแผนยุทธศาสตร์ ภารกิจ โครงสร้าง หน้าที่และอำนาจของกรมส่งเสริมอุตสาหกรรม,ยังไม่ลงลิงก์,ยังไม่ลงลิงก์,ยังไม่ลงลิงก์,https://www.facebook.com/groups/1155914223405158/announcements,,มี,มีคลิปใกล้เคียง ต้องตรวจ,27,โครงสร้าง กรมการปกครอง.mp4,D:\ตัดแล้ว\ตัวอย่างเรียน\โครงสร้าง กรมการปกครอง.mp4,โครงสร้าง,,,
นักวิชาการอุตสาหกรรมปฏิบัติการ,กรมส่งเสริมอุตสาหกรรม_Suntzu Tutor,2,ความรู้เกี่ยวกับพระราชบัญญัติระเบียบข้าราชการพลเรือน พ.ศ. 2551 และที่แก้ไขเพิ่มเติม,ยังไม่ลงลิงก์,ยังไม่ลงลิงก์,ลงลิงก์แล้ว,https://www.facebook.com/groups/1155914223405158/announcements,,มี,ตรงมาก,75,พรบ.ระเบียบข้าราชการพลเรือน พ.ศ. 2551 EP2.mp4,D:\ตัดแล้ว\พรบ.ระเบียบข้าราชการพลเรือน พ.ศ. 2551\พรบ.ระเบียบข้าราชการพลเรือน พ.ศ. 2551 EP2.mp4,พระราชบัญญัติระเบียบข้าราชการพลเรือน | 2551 | ข้าราชการพลเรือน | พลเรือน,2551,,
นักวิชาการอุตสาหกรรมปฏิบัติการ,กรมส่งเสริมอุตสาหกรรม_Suntzu Tutor,5,ความรู้เกี่ยวกับพระราชบัญญัติการจัดซื้อจัดจ้างและการบริหารพัสดุภาครัฐ พ.ศ. 2560,ยังไม่ลงลิงก์,ยังไม่ลงลิงก์,ลงลิงก์แล้ว,https://www.facebook.com/groups/1155914223405158/announcements,,ไม่พบ,ไม่พบคลิปในดัชนี,,,,,,,
นักวิชาการอุตสาหกรรมปฏิบัติการ,กรมส่งเสริมอุตสาหกรรม_Suntzu Tutor,6,ความรู้เกี่ยวกับพระราชบัญญัติคุ้มครองข้อมูลส่วนบุคคล พ.ศ. 2562,ยังไม่ลงลิงก์,ยังไม่ลงลิงก์,ลงลิงก์แล้ว,https://www.facebook.com/groups/1155914223405158/announcements,,มี,ตรงมาก,100,05_PDPA_ตัวเลือกสั้น_28042026.mp4,D:\ตัดแล้ว\เตรียมคลิป สป อว\05 พระราชบัญญัติ คุ้มครองข้อมูลส่วนบุคคล 2562 PDPA\05_PDPA_ตัวเลือกสั้น_28042026.mp4,พระราชบัญญัติคุ้มครองข้อมูลส่วนบุคคล | 2562 | pdpa | ข้อมูลส่วนบุคคล | คุ้มครองข้อมูลส่วนบุคคล,2562,,
นักวิชาการอุตสาหกรรมปฏิบัติการ,กรมส่งเสริมอุตสาหกรรม_Suntzu Tutor,8,ความรู้เกี่ยวกับเหตุการณ์ทางเศรษฐกิจ สังคม สิ่งแวดล้อม และการเมือง,ยังไม่ลงลิงก์,ยังไม่ลงลิงก์,ยังไม่ลงลิงก์,https://www.facebook.com/groups/1155914223405158/announcements,,มี,มีคลิปใกล้เคียง ต้องตรวจ,27,ความรู้สถานการณ์ สังคม เศรษฐกิจ การเมืองการปกครอง.mp4,D:\ตัดแล้ว\มีนาคม 69\04032026\ความรู้สถานการณ์ สังคม เศรษฐกิจ การเมืองการปกครอง.mp4,สังคม,,,
นักวิชาการอุตสาหกรรมปฏิบัติการ,กรมส่งเสริมอุตสาหกรรม_Suntzu Tutor,9,ความรู้เกี่ยวกับสถานการณ์และผลกระทบต่อเศรษฐกิจอุตสาหกรรม,ยังไม่ลงลิงก์,ยังไม่ลงลิงก์,ยังไม่ลงลิงก์,https://www.facebook.com/groups/1155914223405158/announcements,,ไม่พบ,ไม่พบคลิปในดัชนี,,,,,,,
นักวิชาการอุตสาหกรรมปฏิบัติการ,กรมส่งเสริมอุตสาหกรรม_Suntzu Tutor,10,ความรู้เกี่ยวกับการจัดทำและบริหารโครงการ,ยังไม่ลงลิงก์,ยังไม่ลงลิงก์,ยังไม่ลงลิงก์,https://www.facebook.com/groups/1155914223405158/announcements,,ไม่พบ,ไม่พบคลิปในดัชนี,,,,,,,
นักวิชาการอุตสาหกรรมปฏิบัติการ,กรมส่งเสริมอุตสาหกรรม_Suntzu Tutor,11,ความรู้เกี่ยวกับการเพิ่มขีดความสามารถธุรกิจอุตสาหกรรม,ยังไม่ลงลิงก์,ยังไม่ลงลิงก์,ยังไม่ลงลิงก์,https://www.facebook.com/groups/1155914223405158/announcements,,ไม่พบ,ไม่พบคลิปในดัชนี,,,,,,,
นักวิชาการอุตสาหกรรมปฏิบัติการ,กรมส่งเสริมอุตสาหกรรม_Suntzu Tutor,12,ความรู้เกี่ยวกับแนวทางการพัฒนาอุตสาหกรรมทั้งในและต่างประเทศ,ยังไม่ลงลิงก์,ยังไม่ลงลิงก์,ยังไม่ลงลิงก์,https://www.facebook.com/groups/1155914223405158/announcements,,ไม่พบ,ไม่พบคลิปในดัชนี,,,,,,,
นักวิชาการอุตสาหกรรมปฏิบัติการ,กรมส่งเสริมอุตสาหกรรม_Suntzu Tutor,13,ความรู้เกี่ยวกับแนวทางการส่งเสริมและพัฒนาอุตสาหกรรมให้เป็นมิตรกับชุมชนและสิ่งแวดล้อมอย่างยั่งยืน,ยังไม่ลงลิงก์,ยังไม่ลงลิงก์,ยังไม่ลงลิงก์,https://www.facebook.com/groups/1155914223405158/announcements,,ไม่พบ,ไม่พบคลิปในดัชนี,,,,,,,
นักส่งเสริมการปกครองท้องถิ่น,นักส่งเสริมการปกครองท้องถิ่น,1,รัฐธรรมนูญแห่งราชอาณาจักรไทย พ.ศ. 2560,ยังไม่ลงลิงก์,ยังไม่ลงลิงก์,ลงลิงก์แล้ว,https://www.facebook.com/groups/1465610431618325/announcements?locale=th_TH,ยังไม่ลงคลิป,ไม่พบ,ไม่พบคลิปในดัชนี,,,,,,มี 2 EP https://youtu.be/MpP4C9ighv8,2026-06-02T06:09:29.769Z
นักส่งเสริมการปกครองท้องถิ่น,นักส่งเสริมการปกครองท้องถิ่น,2,พระราชบัญญัติ เทศบาล พ.ศ. 2496 และที่แก้ไขเพิ่มเติม,ยังไม่ลงลิงก์,ยังไม่ลงลิงก์,,https://www.facebook.com/groups/1465610431618325/announcements?locale=th_TH,,ไม่พบ,ไม่พบคลิปในดัชนี,,,,,,,
นักส่งเสริมการปกครองท้องถิ่น,นักส่งเสริมการปกครองท้องถิ่น,4,พระราชบัญญัติ สภาตำบลและองค์การบริหารส่วนตำบล พ.ศ. 2537 และที่แก้ไขเพิ่มเติม,ยังไม่ลงลิงก์,ยังไม่ลงลิงก์,,https://www.facebook.com/groups/1465610431618325/announcements?locale=th_TH,,ไม่พบ,ไม่พบคลิปในดัชนี,,,,,,,
นักส่งเสริมการปกครองท้องถิ่น,นักส่งเสริมการปกครองท้องถิ่น,5,พระราชบัญญัติ องค์การบริหารส่วนจังหวัด พ.ศ. 2540 และที่แก้ไขเพิ่มเติม,ยังไม่ลงลิงก์,ยังไม่ลงลิงก์,,https://www.facebook.com/groups/1465610431618325/announcements?locale=th_TH,,ไม่พบ,ไม่พบคลิปในดัชนี,,,,,,,
นักส่งเสริมการปกครองท้องถิ่น,นักส่งเสริมการปกครองท้องถิ่น,6,พระราชบัญญัติ กำหนดแผนและขั้นตอนการกระจายอำนาจให้แก่องค์กรปกครองส่วนท้องถิ่น พ.ศ. 2542 และที่แก้ไขเพิ่มเติม,ยังไม่ลงลิงก์,ยังไม่ลงลิงก์,,https://www.facebook.com/groups/1465610431618325/announcements?locale=th_TH,,ไม่พบ,ไม่พบคลิปในดัชนี,,,,,,,
นักส่งเสริมการปกครองท้องถิ่น,นักส่งเสริมการปกครองท้องถิ่น,7,พระราชบัญญัติ ระเบียบบริหารงานบุคคลส่วนท้องถิ่น พ.ศ. 2542,ยังไม่ลงลิงก์,ยังไม่ลงลิงก์,,https://www.facebook.com/groups/1465610431618325/announcements?locale=th_TH,,ไม่พบ,ไม่พบคลิปในดัชนี,,,,,,,
นักส่งเสริมการปกครองท้องถิ่น,นักส่งเสริมการปกครองท้องถิ่น,8,ระเบียบกระทรวงมหาดไทยว่าด้วยวิธีการงบประมาณของ อปท. พ.ศ. 2563,ยังไม่ลงลิงก์,ยังไม่ลงลิงก์,,https://www.facebook.com/groups/1465610431618325/announcements?locale=th_TH,,มี,มีคลิปใกล้เคียง ต้องตรวจ,42,การบริหารงบประมาณ เฉพาะนักจัด ปิดคอร์ส.mp4,D:\ตัดแล้ว\ลงแล้ว\การบริหารงบประมาณ เฉพาะนักจัด ปิดคอร์ส.mp4,งบประมาณ | งบ | บริหารงบประมาณ | การบริหารงบประมาณ,,,
นักส่งเสริมการปกครองท้องถิ่น,นักส่งเสริมการปกครองท้องถิ่น,9,ระเบียบกระทรวงมหาดไทยว่าด้วยข้อบังคับการประชุมสภาท้องถิ่น พ.ศ. 2547,ยังไม่ลงลิงก์,ยังไม่ลงลิงก์,,https://www.facebook.com/groups/1465610431618325/announcements?locale=th_TH,,ไม่พบ,ไม่พบคลิปในดัชนี,,,,,,,
นักส่งเสริมการปกครองท้องถิ่น,นักส่งเสริมการปกครองท้องถิ่น,10,ระเบียบกระทรวงมหาดไทยว่าด้วยการจัดทำแผนพัฒนาของ อปท. พ.ศ. 2548,ยังไม่ลงลิงก์,ยังไม่ลงลิงก์,,https://www.facebook.com/groups/1465610431618325/announcements?locale=th_TH,,ไม่พบ,ไม่พบคลิปในดัชนี,,,,,,,
นักส่งเสริมการปกครองท้องถิ่น,นักส่งเสริมการปกครองท้องถิ่น,16,พระราชบัญญัติ การจัดซื้อจัดจ้างและการบริหารพัสดุภาครัฐ พ.ศ. 2560,ยังไม่ลงลิงก์,ยังไม่ลงลิงก์,ลงลิงก์แล้ว,https://www.facebook.com/groups/1465610431618325/announcements?locale=th_TH,ยังไม่สอน,มี,ตรงมาก,100,ระเบียบกระทรวงการคลัง ว่าด้วยการจัดซื้อจัดจ้างและการบริหารพัสดุภาครัฐ พ.ศ. 2560 EP4.mp4,D:\ตัดแล้ว\การเงิน\10 จัดซื้อจัดจ้าง\02 ระเบียบ จัดซื้อ\ระเบียบกระทรวงการคลัง ว่าด้วยการจัดซื้อจัดจ้างและการบริหารพัสดุภาครัฐ พ.ศ. 2560 EP4.mp4,การจัดซื้อจัดจ้างและการบริหารพัสดุภาครัฐ | 2560,2560,youtube,
นักส่งเสริมการปกครองท้องถิ่น,นักส่งเสริมการปกครองท้องถิ่น,17,พระราชกฤษฎีกาว่าด้วยหลักเกณฑ์และวิธีการบริหารกิจการบ้านเมืองที่ดี พ.ศ. 2546 และที่แก้ไขเพิ่มเติม,ยังไม่ลงลิงก์,ยังไม่ลงลิงก์,ลงลิงก์แล้ว,https://www.facebook.com/groups/1465610431618325/announcements?locale=th_TH,ยังไม่ลงคลิป,มี,ตรงมาก,100,06 - พระราชกฤษฎีกาว่าด้วยหลักเกณฑ์และวิธีการบริหารกิจการบ้านเมืองที่ดี พ.ศ. 2546.mp4,D:\ตัดแล้ว\เตรียมคลิป สป อว\06 - พระราชกฤษฎีกาว่าด้วยหลักเกณฑ์และวิธีการบริหารกิจการบ้านเมืองที่ดี พ.ศ. 2546.mp4,พระราชกฤษฎีกาว่าด้วยหลักเกณฑ์และวิธีการบริหารกิจการบ้านเมืองที่ดี | หลักเกณฑ์และวิธีการบริหารกิจการบ้านเมืองที่ดี | 2546 | กิจการบ้านเมืองที่ดี | บ้านเมืองที่ดี,2546,,
นักส่งเสริมการปกครองท้องถิ่น,นักส่งเสริมการปกครองท้องถิ่น,19,แผนพัฒนาเศรษฐกิจและสังคมแห่งชาติ ฉบับที่ 13,ยังไม่ลงลิงก์,ยังไม่ลงลิงก์,,https://www.facebook.com/groups/1465610431618325/announcements?locale=th_TH,,ไม่พบ,ไม่พบคลิปในดัชนี,,,,,,,
นักส่งเสริมการปกครองท้องถิ่น,นักส่งเสริมการปกครองท้องถิ่น,20,"ยุทธศาสตร์ชาติ 20 ปี, เป้าหมายการพัฒนาที่ยั่งยืน (SDGs), หลักปรัชญาของเศรษฐกิจพอเพียง",ยังไม่ลงลิงก์,ยังไม่ลงลิงก์,,https://www.facebook.com/groups/1465610431618325/announcements?locale=th_TH,ยังไม่ลงคลิป,มี,มีคลิปใกล้เคียง ต้องตรวจ,43,07_นโยบายแห่งรัฐ_ยุทธศาสตร์ชาติ_ตัวเลือกหลัก_61-80.mp4,D:\ตัดแล้ว\เตรียมคลิปลง กตต\07 ยุทธศาสตร์ชาติ 20 ปี\07_นโยบายแห่งรัฐ_ยุทธศาสตร์ชาติ_ตัวเลือกหลัก_61-80.mp4,ยุทธศาสตร์ชาติ | นโยบายแห่งรัฐ | ยุทธศาสตร์ชาติ 20 ปี | ยุทธศาสตร์ชาติ20ปี,,อ.ลูกจันทร์ ลิงค์ https://youtu.be/XAYXf2ETAGo?si=BfQDE--ZvRqnSwJY,
นักส่งเสริมการปกครองท้องถิ่น,นักส่งเสริมการปกครองท้องถิ่น,21,ความรู้เกี่ยวกับเหตุการณ์ปัจจุบัน และโครงสร้าง/ภารกิจของกระทรวงมหาดไทย และกรมส่งเสริมการปกครองท้องถิ่น,ยังไม่ลงลิงก์,ยังไม่ลงลิงก์,,https://www.facebook.com/groups/1465610431618325/announcements?locale=th_TH,,ไม่พบ,ไม่พบคลิปในดัชนี,,,,,,,
สปยธ นักวิชาการยุติธรรม,สปยธ นักวิชาการยุติธรรมปฏิบัติการ,4,พระราชบัญญัติ คุ้มครองข้อมูลส่วนบุคคล พ.ศ. 2562,ยังไม่ลงลิงก์,ยังไม่ลงลิงก์,ลงลิงก์แล้ว,https://www.facebook.com/groups/2037689197124635?locale=th_TH,,มี,ตรงมาก,100,05_PDPA_ตัวเลือกสั้น_28042026.mp4,D:\ตัดแล้ว\เตรียมคลิป สป อว\05 พระราชบัญญัติ คุ้มครองข้อมูลส่วนบุคคล 2562 PDPA\05_PDPA_ตัวเลือกสั้น_28042026.mp4,คุ้มครองข้อมูลส่วนบุคคล | 2562 | pdpa | ข้อมูลส่วนบุคคล,2562,,
สปยธ นักวิชาการยุติธรรม,สปยธ นักวิชาการยุติธรรมปฏิบัติการ,5,พระราชบัญญัติ การปฏิบัติราชการทางอิเล็กทรอนิกส์ พ.ศ. 2565,ยังไม่ลงลิงก์,ยังไม่ลงลิงก์,ลงลิงก์แล้ว,https://www.facebook.com/groups/2037689197124635?locale=th_TH,,มี,ตรงมาก,100,คลิปหลัก - คลิปหลัก - พระราชบัญญัติ การปฏิบัติราชการทางอิเล็กทรอนิกส์ พ.ศ. 2565.mp4,D:\ตัดแล้ว\พฤษภา 69\27052026\สปสธ จพน การเงิน\11 พระราชบัญญัติการปฏิบัติราชการทางอิเล็กทรอนิกส์ พ.ศ. 2565\คลิปหลัก - คลิปหลัก - พระราชบัญญัติ การปฏิบัติราชการทางอิเล็กทรอนิกส์ พ.ศ. 2565.mp4,การปฏิบัติราชการทางอิเล็กทรอนิกส์ | 2565 | อิเล็กทรอนิกส์,2565,,
สปยธ นักวิชาการยุติธรรม,สปยธ นักวิชาการยุติธรรมปฏิบัติการ,6,พระราชกฤษฎีกา ว่าด้วยหลักเกณฑ์และวิธีการบริหารกิจการบ้านเมืองที่ดี พ.ศ. 2546,ยังไม่ลงลิงก์,ยังไม่ลงลิงก์,ลงลิงก์แล้ว,https://www.facebook.com/groups/2037689197124635?locale=th_TH,,มี,ตรงมาก,100,06 - พระราชกฤษฎีกาว่าด้วยหลักเกณฑ์และวิธีการบริหารกิจการบ้านเมืองที่ดี พ.ศ. 2546.mp4,D:\ตัดแล้ว\เตรียมคลิป สป อว\06 - พระราชกฤษฎีกาว่าด้วยหลักเกณฑ์และวิธีการบริหารกิจการบ้านเมืองที่ดี พ.ศ. 2546.mp4,ว่าด้วยหลักเกณฑ์และวิธีการบริหารกิจการบ้านเมืองที่ดี | หลักเกณฑ์และวิธีการบริหารกิจการบ้านเมืองที่ดี | 2546 | กิจการบ้านเมืองที่ดี | บ้านเมืองที่ดี,2546,,
สปยธ นักวิชาการยุติธรรม,สปยธ นักวิชาการยุติธรรมปฏิบัติการ,7,ระเบียบสํานักนายกรัฐมนตรีว่าด้วยการจัดการเรื่องราวร้องทุกข์พ.ศ. ๒๕๕๒ และที่แก้ไขเพิ่มเติม,ยังไม่ลงลิงก์,ยังไม่ลงลิงก์,ยังไม่ลงลิงก์,https://www.facebook.com/groups/2037689197124635?locale=th_TH,,ไม่พบ,ไม่พบคลิปในดัชนี,,,,,,,
สปยธ นักวิชาการยุติธรรม,สปยธ นักวิชาการยุติธรรมปฏิบัติการ,8,พระราชบัญญัติ กองทุนยุติธรรม พ.ศ. 2558,ยังไม่ลงลิงก์,ยังไม่ลงลิงก์,ยังไม่ลงลิงก์,https://www.facebook.com/groups/2037689197124635?locale=th_TH,,ไม่พบ,ไม่พบคลิปในดัชนี,,,,,,,
สปยธ นักวิชาการยุติธรรม,สปยธ นักวิชาการยุติธรรมปฏิบัติการ,9,พระราชบัญญัติ ค่าตอบแทนผู้เสียหายและค่าทดแทนและค่าใช้จ่ายแก่จําเลยในคดีอาญา พ.ศ. 2544 และที่แก้ไขเพิ่มเติม,ยังไม่ลงลิงก์,ยังไม่ลงลิงก์,ยังไม่ลงลิงก์,https://www.facebook.com/groups/2037689197124635?locale=th_TH,,ไม่พบ,ไม่พบคลิปในดัชนี,,,,,,,
สปยธ นักวิชาการยุติธรรม,สปยธ นักวิชาการยุติธรรมปฏิบัติการ,10,พระราชบัญญัติ การไกล่เกลี่ยข้อพิพาท พ.ศ. 2562,ยังไม่ลงลิงก์,ยังไม่ลงลิงก์,ยังไม่ลงลิงก์,https://www.facebook.com/groups/2037689197124635?locale=th_TH,,ไม่พบ,ไม่พบคลิปในดัชนี,,,,,,,
สปยธ นักวิชาการยุติธรรม,สปยธ นักวิชาการยุติธรรมปฏิบัติการ,11,ความรู้เกี่ยวกับงานยุติธรรมชุมชน และงานยุติธรรมจังหวัด,ยังไม่ลงลิงก์,ยังไม่ลงลิงก์,ยังไม่ลงลิงก์,https://www.facebook.com/groups/2037689197124635?locale=th_TH,,ไม่พบ,ไม่พบคลิปในดัชนี,,,,,,,
สปยธ นักวิชาการยุติธรรม,สปยธ นักวิชาการยุติธรรมปฏิบัติการ,12,แผนปฏิบัติราชการ ระยะ 5 ปี (พ.ศ. 2566-2570) ของกระทรวงยุติธรรม,ยังไม่ลงลิงก์,ยังไม่ลงลิงก์,ยังไม่ลงลิงก์,https://www.facebook.com/groups/2037689197124635?locale=th_TH,,มี,มีคลิปใกล้เคียง ต้องตรวจ,27,09_แผนปฏิบัติราชการ_5_ปี_อัยการ_EP4_อาจเกี่ยว.mp4,D:\ตัดแล้ว\เตรียมคลิป สป อว\09 แผน ยุทธศาสตร์ และแผนพัฒนา อาจเกี่ยว\09_แผนปฏิบัติราชการ_5_ปี_อัยการ_EP4_อาจเกี่ยว.mp4,แผนปฏิบัติราชการ,,,
สปยธ นักวิชาการยุติธรรม,สปยธ นักวิชาการยุติธรรมปฏิบัติการ,13,แผนปฏิบัติราชการ ระยะ 5 ปี (พ.ศ. 2566-2570) ของสํานักงานปลัดกระทรวงยุติธรรม,ยังไม่ลงลิงก์,ยังไม่ลงลิงก์,ยังไม่ลงลิงก์,https://www.facebook.com/groups/2037689197124635?locale=th_TH,,มี,มีคลิปใกล้เคียง ต้องตรวจ,27,09_แผนปฏิบัติราชการ_5_ปี_อัยการ_EP4_อาจเกี่ยว.mp4,D:\ตัดแล้ว\เตรียมคลิป สป อว\09 แผน ยุทธศาสตร์ และแผนพัฒนา อาจเกี่ยว\09_แผนปฏิบัติราชการ_5_ปี_อัยการ_EP4_อาจเกี่ยว.mp4,แผนปฏิบัติราชการ,,,
สปยธ นักวิชาการยุติธรรม,สปยธ นักวิชาการยุติธรรมปฏิบัติการ,14,พระราชบัญญัติ พัฒนาการบริหารงานยุติธรรมแห่งชาติ พ.ศ. 2549,ยังไม่ลงลิงก์,ยังไม่ลงลิงก์,ยังไม่ลงลิงก์,https://www.facebook.com/groups/2037689197124635?locale=th_TH,,ไม่พบ,ไม่พบคลิปในดัชนี,,,,,,,
สปยธ นักวิชาการยุติธรรม,สปยธ นักวิชาการยุติธรรมปฏิบัติการ,15,การจัดทําแผนงาน โครงการ งบประมาณ และการพัฒนาระบบราชการ,ยังไม่ลงลิงก์,ยังไม่ลงลิงก์,ยังไม่ลงลิงก์,https://www.facebook.com/groups/2037689197124635?locale=th_TH,,มี,มีคลิปใกล้เคียง ต้องตรวจ,43,การบริหารงบประมาณ เฉพาะนักจัด ปิดคอร์ส.mp4,D:\ตัดแล้ว\ลงแล้ว\การบริหารงบประมาณ เฉพาะนักจัด ปิดคอร์ส.mp4,งบประมาณ | งบ | บริหารงบประมาณ | การบริหารงบประมาณ,,,
สปสธ. เจ้าพนักงานการเงินและบัญชีปฏิบัติงาน,สปสธ. เจ้าพนักงานการเงินและบัญชีปฏิบัติงาน by พี่ซุนวู,1,ความรู้เบื้องต้นทางด้านการเงินและบัญชี,ยังไม่ลงลิงก์,ยังไม่ลงลิงก์,,https://www.facebook.com/groups/26357425820603850/,,มี,มีคลิปใกล้เคียง ต้องตรวจ,46,การบริหารงบประมาณ เฉพาะนักจัด ปิดคอร์ส.mp4,D:\ตัดแล้ว\ลงแล้ว\การบริหารงบประมาณ เฉพาะนักจัด ปิดคอร์ส.mp4,งบประมาณ | งบ | บริหารงบประมาณ | การบริหารงบประมาณ,,,
สปสธ. เจ้าพนักงานการเงินและบัญชีปฏิบัติงาน,สปสธ. เจ้าพนักงานการเงินและบัญชีปฏิบัติงาน by พี่ซุนวู,3,ความรู้เกี่ยวกับระเบียบกระทรวงการคลังว่าด้วยการเบิกเงินจากคลัง การรับเงิน การจ่ายเงิน การเก็บรักษาเงิน และการนำเงินส่งคลัง พ.ศ. 2562 และที่แก้ไขเพิ่มเติม,ยังไม่ลงลิงก์,ยังไม่ลงลิงก์,ลงลิงก์แล้ว,https://www.facebook.com/groups/26357425820603850/,,ไม่พบ,ไม่พบคลิปในดัชนี,,,,,,,
สปสธ. เจ้าพนักงานการเงินและบัญชีปฏิบัติงาน,สปสธ. เจ้าพนักงานการเงินและบัญชีปฏิบัติงาน by พี่ซุนวู,4,ความรู้เกี่ยวกับระเบียบกระทรวงการคลังว่าด้วยเงินทดรองราชการ พ.ศ. 2562,ยังไม่ลงลิงก์,ยังไม่ลงลิงก์,,https://www.facebook.com/groups/26357425820603850/,,ไม่พบ,ไม่พบคลิปในดัชนี,,,,,,,
สปสธ. เจ้าพนักงานการเงินและบัญชีปฏิบัติงาน,สปสธ. เจ้าพนักงานการเงินและบัญชีปฏิบัติงาน by พี่ซุนวู,5,ความรู้เกี่ยวกับระเบียบกระทรวงการคลังว่าด้วยการเบิกจ่ายค่าใช้จ่ายในการบริหารงานของส่วนราชการ พ.ศ. 2553,ยังไม่ลงลิงก์,ยังไม่ลงลิงก์,,https://www.facebook.com/groups/26357425820603850/,,ไม่พบ,ไม่พบคลิปในดัชนี,,,,,,,
สปสธ. เจ้าพนักงานการเงินและบัญชีปฏิบัติงาน,สปสธ. เจ้าพนักงานการเงินและบัญชีปฏิบัติงาน by พี่ซุนวู,6,ความรู้เกี่ยวกับระเบียบกระทรวงสาธารณสุขว่าด้วยเงินบำรุงของหน่วยบริการในสังกัดกระทรวงสาธารณสุข พ.ศ. 2562 และที่แก้ไขเพิ่มเติม,ยังไม่ลงลิงก์,ยังไม่ลงลิงก์,,https://www.facebook.com/groups/26357425820603850/,,ไม่พบ,ไม่พบคลิปในดัชนี,,,,,,,
สปสธ. เจ้าพนักงานการเงินและบัญชีปฏิบัติงาน,สปสธ. เจ้าพนักงานการเงินและบัญชีปฏิบัติงาน by พี่ซุนวู,7,ความรู้เกี่ยวกับพระราชบัญญัติประกันสุขภาพแห่งชาติ พ.ศ. 2545,ยังไม่ลงลิงก์,ยังไม่ลงลิงก์,,https://www.facebook.com/groups/26357425820603850/,,ไม่พบ,ไม่พบคลิปในดัชนี,,,,,,,
สปสธ. เจ้าพนักงานการเงินและบัญชีปฏิบัติงาน,สปสธ. เจ้าพนักงานการเงินและบัญชีปฏิบัติงาน by พี่ซุนวู,8,ความรู้เกี่ยวกับพระราชบัญญัติประกันสังคม พ.ศ. 2533 และที่แก้ไขเพิ่มเติม,ยังไม่ลงลิงก์,ยังไม่ลงลิงก์,,https://www.facebook.com/groups/26357425820603850/,,ไม่พบ,ไม่พบคลิปในดัชนี,,,,,,,
สปสธ. เจ้าพนักงานการเงินและบัญชีปฏิบัติงาน,สปสธ. เจ้าพนักงานการเงินและบัญชีปฏิบัติงาน by พี่ซุนวู,12,ความรู้เกี่ยวกับวิสัยทัศน์ พันธกิจ โครงสร้าง อำนาจหน้าที่ ภารกิจ นโยบายและยุทธศาสตร์ของสำนักงานปลัดกระทรวงสาธารณสุขและกระทรวงสาธารณสุข,ยังไม่ลงลิงก์,ยังไม่ลงลิงก์,,https://www.facebook.com/groups/26357425820603850/,,ไม่พบ,ไม่พบคลิปในดัชนี,,,,,,,
สปสธ. เจ้าพนักงานธุรการ,สปสธ. เจ้าพนักงานธุรการ by พี่ซุนวู,5,ความรู้เกี่ยวกับการจัดการสํานักงาน,ยังไม่ลงลิงก์,ยังไม่ลงลิงก์,ยังไม่ลงลิงก์,https://www.facebook.com/groups/2409081326254287,,ไม่พบ,ไม่พบคลิปในดัชนี,,,,,,,
สปสธ. เจ้าพนักงานธุรการ,สปสธ. เจ้าพนักงานธุรการ by พี่ซุนวู,6,ระเบียบสํานักนายกรัฐมนตรีว่าด้วยรถราชการ พ.ศ. ๒๕๒๓ และที่แก้ไขเพิ่มเติม,ยังไม่ลงลิงก์,ยังไม่ลงลิงก์,ยังไม่ลงลิงก์,https://www.facebook.com/groups/2409081326254287,,ไม่พบ,ไม่พบคลิปในดัชนี,,,,,,,
สปสธ. เจ้าพนักงานธุรการ,สปสธ. เจ้าพนักงานธุรการ by พี่ซุนวู,10,"วิสัยทัศน์ พันธกิจ โครงสร้าง อํานาจหน้าที่ ภารกิจ นโยบายและยุทธศาสตร์
ของสํานักงานปลัดกระทรวงสาธารณสุข และกระทรวงสาธารณสุข",ยังไม่ลงลิงก์,ยังไม่ลงลิงก์,ยังไม่ลงลิงก์,https://www.facebook.com/groups/2409081326254287,,ไม่พบ,ไม่พบคลิปในดัชนี,,,,,,,
สปสธ. นักวิชาการเงิน,สปสธ. นักวิชาการเงินและบัญชีปฏิบัติการ,4,ระเบียบกระทรวงการคลังว่าด้วยเงินทดรองราชการ พ.ศ. 2562,ยังไม่ลงลิงก์,ยังไม่ลงลิงก์,ยังไม่ลงลิงก์,https://www.facebook.com/groups/1367944345162798/announcements,,ไม่พบ,ไม่พบคลิปในดัชนี,,,,,,,
สปสธ. นักวิชาการเงิน,สปสธ. นักวิชาการเงินและบัญชีปฏิบัติการ,5,ระเบียบกระทรวงการคลังว่าด้วยการเบิกจ่ายค่าใช้จ่ายในการบริหารงาน ของส่วนราชการ พ.ศ. 2553,ยังไม่ลงลิงก์,ยังไม่ลงลิงก์,ยังไม่ลงลิงก์,https://www.facebook.com/groups/1367944345162798/announcements,,ไม่พบ,ไม่พบคลิปในดัชนี,,,,,,,
สปสธ. นักวิชาการเงิน,สปสธ. นักวิชาการเงินและบัญชีปฏิบัติการ,6,ระเบียบกระทรวงสาธารณสุขว่าด้วยเงินบำรุงของหน่วยบริการในสังกัด กระทรวงสาธารณสุข พ.ศ. 2562 และที่แก้ไขเพิ่มเติม,ยังไม่ลงลิงก์,ยังไม่ลงลิงก์,ยังไม่ลงลิงก์,https://www.facebook.com/groups/1367944345162798/announcements,,ไม่พบ,ไม่พบคลิปในดัชนี,,,,,,,
สปสธ. นักวิชาการเงิน,สปสธ. นักวิชาการเงินและบัญชีปฏิบัติการ,7,พระราชบัญญัติ หลักประกันสุขภาพแห่งชาติ พ.ศ. 2545,ยังไม่ลงลิงก์,ยังไม่ลงลิงก์,ยังไม่ลงลิงก์,https://www.facebook.com/groups/1367944345162798/announcements,,ไม่พบ,ไม่พบคลิปในดัชนี,,,,,,,
สปสธ. นักวิชาการเงิน,สปสธ. นักวิชาการเงินและบัญชีปฏิบัติการ,8,พระราชบัญญัติ ประกันสังคม พ.ศ. 2533 และที่แก้ไขเพิ่มเติม,ยังไม่ลงลิงก์,ยังไม่ลงลิงก์,ยังไม่ลงลิงก์,https://www.facebook.com/groups/1367944345162798/announcements,,ไม่พบ,ไม่พบคลิปในดัชนี,,,,,,,
สปอว. นักทรัพย์,สปอว. นักทรัพย์,1,ความรู้เกี่ยวกับกระทรวงการอุดมศึกษา วิทยาศาสตร์ วิจัยและนวัตกรรม และสำนักงานปลัดกระทรวงการอุดมศึกษา วิทยาศาสตร์ วิจัยและนวัตกรรม,ยังไม่ลงลิงก์,ยังไม่ลงลิงก์,,https://www.facebook.com/groups/1292524806345928/announcements?locale=th_TH,,ไม่พบ,ไม่พบคลิปในดัชนี,,,,,,,
สปอว. นักทรัพย์,สปอว. นักทรัพย์,9,พระราชบัญญัติ ระเบียบบริหารราชการกระทรวงการอุดมศึกษา วิทยาศาสตร์ วิจัยและนวัตกรรม พ.ศ. 2562 และที่แก้ไขเพิ่มเติม,ยังไม่ลงลิงก์,ยังไม่ลงลิงก์,,https://www.facebook.com/groups/1292524806345928/announcements?locale=th_TH,,มี,มีคลิปใกล้เคียง ต้องตรวจ,54,05_PDPA_ตัวเลือกสั้น_28042026.mp4,D:\ตัดแล้ว\เตรียมคลิป สป อว\05 พระราชบัญญัติ คุ้มครองข้อมูลส่วนบุคคล 2562 PDPA\05_PDPA_ตัวเลือกสั้น_28042026.mp4,2562 | อว,2562,,
สปอว. นักทรัพย์,สปอว. นักทรัพย์,12,ระเบียบกระทรวงการคลังว่าด้วยค่าใช้จ่ายในการฝึกอบรม การจัดงาน และการประชุม ระหว่างประเทศ พ.ศ. 2549 และที่แก้ไขเพิ่มเติม,ยังไม่ลงลิงก์,ยังไม่ลงลิงก์,,https://www.facebook.com/groups/1292524806345928/announcements?locale=th_TH,,ไม่พบ,ไม่พบคลิปในดัชนี,,,,,,,
สปอว. นักทรัพย์,สปอว. นักทรัพย์,13,ระเบียบกระทรวงการคลังว่าด้วยการทำสัญญาและการชดใช้เงิน กรณีรับทุน ลาศึกษา ฝึกอบรม ปฏิบัติการวิจัย และปฏิบัติงานในองค์การระหว่างประเทศ พ.ศ. 2548,ยังไม่ลงลิงก์,ยังไม่ลงลิงก์,,https://www.facebook.com/groups/1292524806345928/announcements?locale=th_TH,,ไม่พบ,ไม่พบคลิปในดัชนี,,,,,,,
สปอว. นักทรัพย์,สปอว. นักทรัพย์,14,แผนด้านการอุดมศึกษาเพื่อผลิตและพัฒนากำลังคนของประเทศ ฉบับปรับปรุงล่าสุด พ.ศ. 2566-2570,ยังไม่ลงลิงก์,ยังไม่ลงลิงก์,,https://www.facebook.com/groups/1292524806345928/announcements?locale=th_TH,,ไม่พบ,ไม่พบคลิปในดัชนี,,,,,,,
สปอว. นักวิเคราะห์,สปอว. นักวิเคราะห์,1,ความรู้เกี่ยวกับกระทรวงการอุดมศึกษา วิทยาศาสตร์ วิจัยและนวัตกรรม และสำนักงานปลัดกระทรวงการอุดมศึกษา วิทยาศาสตร์ วิจัยและนวัตกรรม,ยังไม่ลงลิงก์,ยังไม่ลงลิงก์,,https://www.facebook.com/groups/987982210353420/announcements?locale=th_TH,,ไม่พบ,ไม่พบคลิปในดัชนี,,,,,,,
สปอว. นักวิเคราะห์,สปอว. นักวิเคราะห์,8,พระราชบัญญัติ ระเบียบบริหารราชการกระทรวงการอุดมศึกษา วิทยาศาสตร์ วิจัยและนวัตกรรม พ.ศ. 2562 และที่แก้ไขเพิ่มเติม,ยังไม่ลงลิงก์,ยังไม่ลงลิงก์,,https://www.facebook.com/groups/987982210353420/announcements?locale=th_TH,,มี,มีคลิปใกล้เคียง ต้องตรวจ,54,05_PDPA_ตัวเลือกสั้น_28042026.mp4,D:\ตัดแล้ว\เตรียมคลิป สป อว\05 พระราชบัญญัติ คุ้มครองข้อมูลส่วนบุคคล 2562 PDPA\05_PDPA_ตัวเลือกสั้น_28042026.mp4,2562 | อว,2562,,
สปอว. นักวิเคราะห์,สปอว. นักวิเคราะห์,9,พระราชบัญญัติ ระเบียบข้าราชการพลเรือนในสถาบันอุดมศึกษา พ.ศ. 2547 และที่แก้ไขเพิ่มเติม,ยังไม่ลงลิงก์,ยังไม่ลงลิงก์,,https://www.facebook.com/groups/987982210353420/announcements?locale=th_TH,,มี,มีคลิปใกล้เคียง ต้องตรวจ,42,พรบ.ขรกพลเรือน ครั้งที่ 1 ปภ.mp4,D:\ตัดแล้ว\เมษา 69\30042026\พรบ.ขรกพลเรือน ครั้งที่ 1 ปภ.mp4,พลเรือน | ก พ | กพ,,,
สปอว. นักวิเคราะห์,สปอว. นักวิเคราะห์,10,แผนด้านการอุดมศึกษาเพื่อผลิตและพัฒนากำลังคนของประเทศ ฉบับปรับปรุงล่าสุด พ.ศ. 2566-2570,ยังไม่ลงลิงก์,ยังไม่ลงลิงก์,,https://www.facebook.com/groups/987982210353420/announcements?locale=th_TH,,ไม่พบ,ไม่พบคลิปในดัชนี,,,,,,,
สปอว. นักวิเคราะห์,สปอว. นักวิเคราะห์,11,แผนพัฒนาเศรษฐกิจและสังคมแห่งชาติ ฉบับที่ 13,ยังไม่ลงลิงก์,ยังไม่ลงลิงก์,,https://www.facebook.com/groups/987982210353420/announcements?locale=th_TH,,ไม่พบ,ไม่พบคลิปในดัชนี,,,,,,,
สปอว. นักวิเคราะห์,สปอว. นักวิเคราะห์,12,ความรู้เกี่ยวกับการวิเคราะห์นโยบาย/ แผนงาน การจัดทำแผนงาน/ โครงการ/ การบริหาร,ยังไม่ลงลิงก์,ยังไม่ลงลิงก์,,https://www.facebook.com/groups/987982210353420/announcements?locale=th_TH,,มี,น่าจะตรง,71,08_นักวิเคราะห์อัยการ_อาจเกี่ยว.mp4,D:\ตัดแล้ว\เตรียมคลิป สป อว\08 วิเคราะห์นโยบาย แผนงาน โครงการ การบริหาร\08_นักวิเคราะห์อัยการ_อาจเกี่ยว.mp4,แผนงาน | โครงการ | การบริหาร,,,
สปอว. นักวิเคราะห์,สปอว. นักวิเคราะห์,13,กรอบนโยบายและยุทธศาสตร์การอุดมศึกษา วิทยาศาสตร์ วิจัยและนวัตกรรม พ.ศ. 2566-2570,ยังไม่ลงลิงก์,ยังไม่ลงลิงก์,,https://www.facebook.com/groups/987982210353420/announcements?locale=th_TH,,ไม่พบ,ไม่พบคลิปในดัชนี,,,,,,,
สปอว. นักวิเคราะห์,สปอว. นักวิเคราะห์,14,พระราชบัญญัติ การอุดมศึกษา พ.ศ. 2562 และที่แก้ไขเพิ่มเติม,ยังไม่ลงลิงก์,ยังไม่ลงลิงก์,,https://www.facebook.com/groups/987982210353420/announcements?locale=th_TH,,มี,ตรงมาก,75,05_PDPA_ตัวเลือกสั้น_28042026.mp4,D:\ตัดแล้ว\เตรียมคลิป สป อว\05 พระราชบัญญัติ คุ้มครองข้อมูลส่วนบุคคล 2562 PDPA\05_PDPA_ตัวเลือกสั้น_28042026.mp4,2562 | อว,2562,,
สปอว. นักวิเคราะห์,สปอว. นักวิเคราะห์,15,พระราชบัญญัติ สถาบันอุดมศึกษาเอกชน พ.ศ. 2546 และที่แก้ไขเพิ่มเติม,ยังไม่ลงลิงก์,ยังไม่ลงลิงก์,,https://www.facebook.com/groups/987982210353420/announcements?locale=th_TH,,มี,ตรงมาก,75,06 - พระราชกฤษฎีกาว่าด้วยหลักเกณฑ์และวิธีการบริหารกิจการบ้านเมืองที่ดี พ.ศ. 2546.mp4,D:\ตัดแล้ว\เตรียมคลิป สป อว\06 - พระราชกฤษฎีกาว่าด้วยหลักเกณฑ์และวิธีการบริหารกิจการบ้านเมืองที่ดี พ.ศ. 2546.mp4,2546 | อว,2546,,